date,000002,000100,000651,000708,000977,002236,002241,300035,600011,600111,600346,600406,600703,600809,600893,601318,601390,601668,601857
2012-09-30,0.28350407919149384,0.2517376001684521,-0.21370137511378431,-0.18765024798251237,-0.09775125085140908,0.0029449463746573866,-0.16471322519215015,-0.05136224388094879,0.4503132602754368,-0.029898725755195726,-0.03210138893346625,-0.043917970571106316,0.13817977639089202,0.11882205885630967,-0.05930522694980971,0.08820709435357979,-0.30385426967335566,0.5117080378999909,0.3388390713929261
2012-10-20,0.46477978671583275,0.6943811547400481,-0.3938221426740667,-0.39355231226201876,-0.19313757477823712,0.07776206136429684,-1.1608264150109349,-0.06567430545955219,0.18068290938038017,-0.026814286106613107,-0.03657761519394021,-0.021488961112569642,0.1779777499652382,0.3315343140054135,-0.12227895716048671,0.9826567540842092,-0.5548210190694033,1.2979399235364426,-0.2387210649640391
2012-11-09,0.014401639878014258,2.341780059492801,-0.4159655744596539,-0.5593275565311606,-0.3033099785300816,0.13880496767790493,-1.812530601246186,-0.1736937496868033,0.3864874880139979,-0.05255050052234435,-0.09733502734635602,-0.04035700152217657,1.0339318745980282,0.2732510966834595,-0.24028110500811184,1.1300205029487957,-0.629490663462147,-0.8303431733394583,0.8365073023614781
2012-11-29,0.8792415926029579,0.784126834815385,-0.3408369550611966,-0.3049714594417539,-0.12840809088487057,0.031225528887173802,-0.6942538388541525,-0.06962959435739428,0.6032369052917864,-0.02737664496125588,-0.06186713997825403,-0.04745544146699771,0.32931287325470865,0.2679554336942673,-0.09720706611055606,0.2578984286256885,-0.3770759593225768,-0.38641901589681604,0.3825036091638572
2012-12-19,0.69475264828642,0.07842025563547433,-0.2490844059864942,-0.25099240855682464,-0.0958174572765007,0.013685557883307461,-0.419616207977174,-0.05925174886324786,0.10671123692872855,-0.027696053770288505,-0.05584296283381598,-0.047253852917535345,0.28453974197856446,0.3190965934799817,-0.08643258930122018,0.05853656937430396,-0.29767533636917476,0.44002878563125114,0.5938916346542445
2013-01-08,0.5865855612488972,0.4028749651426211,-0.14515510090622202,-0.16878656898704875,-0.13257977752620095,-0.02781862993256224,-0.27880141971285366,-0.06484215458625901,0.8991589715871724,-0.03673210704150893,-0.07353838986422971,-0.09486607047226744,0.7178687860610976,0.4043677457291343,-0.03337410490909336,-0.7929372669911009,-0.13443775351838766,-0.6247995336726114,0.5978128483514237
2013-01-28,-0.06155174960943412,0.3764536127626069,-0.1922385072533384,-0.19572312184605453,-0.08161602716683847,0.02313872903744274,-0.24605920716997456,-0.056025986086381784,0.15993357343767206,-0.035071370871600616,-0.04125030636071553,-0.03939083146670365,0.18926961101261838,-0.07714208925630305,-0.0707658444334705,0.3750171681276466,-0.27658833223751594,0.6005695963434948,0.6490410830368495
2013-02-17,-0.22993698494320475,0.47484357983557934,-0.12468887597822736,-0.16730273241361412,-0.08349826426268345,0.012174647231996676,-0.26650246117158843,-0.051962866372404756,0.15638620746448306,-0.026295514569776544,-0.04755954836661484,-0.03941347470761047,0.257912499800479,0.093195419105323,-0.07752871020984699,-0.01603199962547753,-0.21437678714705885,0.5528051909062635,0.7977806754239835
2013-03-09,-0.25322306683369483,-0.1823393283841564,-0.1549231570733358,-0.3002262869365402,-0.054839196288278116,0.07056197628832808,-0.9508843869820747,-0.05708376715087458,0.10564909004840389,-0.05040029947582255,-0.08734682410893731,-0.05217968122812473,0.5262124109557016,0.2181112699100561,-0.06448935962917697,0.6652106927206755,-0.31562293742517367,0.5291960001876801,1.4086168514053448
2013-03-29,-0.15662497724918195,0.28042154969061295,-0.2235199753859909,-0.24847410946547804,-0.05377156589869623,0.014173681952404992,-0.18694689754930507,-0.08630851324876927,0.5682155007838222,-0.0525408957638165,-0.11643000235039426,-0.08116547814690721,0.4599927183401609,0.05426616835824554,-0.08313775782772637,0.5931396280751335,-0.36486973481781715,0.5689990988678897,0.11458156163581308
2013-04-18,-0.578664738123814,0.35079877470160725,-0.1478089985466492,-0.24246856874001402,-0.03816965247023737,-0.0015595353304799324,-0.43957871338889615,-0.09957331466797684,0.9159525011571014,-0.08138202347125739,-0.15955425441204696,-0.22676130897082236,1.0485097487755182,0.10352447149218585,-0.10132393510723214,0.6931538640774525,-0.4475386812901375,0.5063898262914293,-0.05394546197573044
2013-05-08,-0.2220850495129084,0.04276293711805681,-0.09902283369889474,-0.1645765814688242,-0.006060946677717076,0.0017463854808081728,-0.10250313925987237,-0.06034470911924616,0.270485673972348,-0.08522961159777623,-0.0739138302809181,-0.1125765878480383,0.30409393989203465,0.06154120886381883,-0.04458625812295309,0.37258392482632274,-0.2303247561072895,0.2682756910932762,0.8797345424477727
2013-05-28,0.043607332923688166,0.30583893547025526,-0.16625562785104728,-0.22135531094594385,0.0038620006605728134,0.021786501992001786,-0.2785540578158159,0.02206662931810782,0.2808829230535414,-0.0865122074518935,-0.06930537151246448,-0.08149381435600496,-0.12451497574827078,0.12001413427663558,-0.041657390613244326,0.45128523625324013,-0.2951593927143673,0.633070913053954,0.4823935420070553
2013-06-17,-0.49578696552192764,0.5815012365607194,-0.1822136347069106,-0.28078033285409687,0.0032713525094898123,0.027174123737844794,-0.37754113068119927,-0.021494783057948195,0.03718918297635995,-0.10617363811616434,-0.10218564191734018,-0.08862290666890092,0.1049176909526101,-0.04967955347259818,-0.09620597109183003,1.1150693069469653,-0.3900423682591716,0.32784085791821765,0.9937631747458806
2013-07-07,0.4856271056579591,0.13426763049465204,-0.19263664417914972,-0.2064344031929843,0.007346771157206883,0.021578441264768676,-0.2072459695834642,0.004209493929396364,0.5234209051130972,-0.10989381706512194,-0.10336322823824563,-0.06406252854787435,-0.0741487296105729,0.22855882779068334,0.026166121403494228,0.22895580813522218,-0.2609041140173334,0.21800277673874213,0.34055555274952415
2013-07-27,-0.021218876531436007,0.14890844726516694,-0.1996858643648502,-0.28393651799674907,0.03454702985265986,0.022439577563953744,-0.6359013112870191,0.028951062825754464,1.4641422669817188,-0.15706067440168592,-0.14211775088721537,-0.09061626156725426,0.17278146340640524,0.09880391848178104,0.021122965788938908,0.503621882522197,-0.46499907244228555,0.7155287852306709,-0.2153110704407513
2013-08-16,0.21753881597827857,-0.06764638811615925,-0.09605753586622393,-0.1512463684004422,0.040581954681846256,0.0390021035995082,-0.2903952035963781,0.03339449452828673,0.49287703343602973,-0.07443339001821435,-0.09159238961174018,-0.024794094522362364,-0.2981575688324773,0.22596774072198234,0.01658571449529516,0.15563382576294782,-0.16466135996797063,0.18434162247007796,0.8530609932577154
2013-09-05,0.5756312770080422,-0.14897834101438018,-0.19777749602947164,-0.36015152833526937,-0.02072106516839859,0.013782495470214427,-0.4551219598957656,-0.02405896262169689,0.17360255859122975,-0.16706998420009603,-0.22871546703356024,-0.1539476734059934,0.9098281332216952,0.24848324908804395,-0.012171150908986236,0.612082298461617,-0.37142259817284934,0.1995602759284598,0.4071659390171655
2013-09-25,-0.11659007950648781,0.016977295555073203,-0.09154684025426162,-0.2053152657885283,0.019762488669055205,-0.005155374177961727,-0.26570574840173594,-0.004160872047428416,0.5419493407780155,-0.09509542011938601,-0.1192317010509988,-0.08514724719286146,0.2835258812575343,0.16768189286572774,-0.00264998347931688,0.39611630340060394,-0.257188776644087,0.22274771270919977,0.5990263934278445
2013-10-15,0.16630750855990564,0.11719799411041865,-0.08237408385852049,-0.16325633598330055,0.02433393799481154,0.004446855820033316,-0.2334840816764208,0.009095647659485223,0.805611695243292,-0.09219248616599736,-0.10885924855563958,-0.06231932416861835,-0.032071287806599805,0.24591065398017842,0.0029499434769053577,0.1836052082813763,-0.15413694700379432,-0.09860394830197984,0.4678382983944648
2013-11-04,-0.07568587287821449,0.22831463032371122,-0.06006289918948119,-0.21583211941269617,-0.020693859890267643,-0.015687015078701287,-0.17752049523861674,-0.010775965908656026,0.45507975221933394,-0.11763182096506994,-0.1398938538414602,-0.10171002394560284,0.2853705185336412,0.4041222204543625,-0.026851696534100203,0.06766502222270797,-0.1923557039641891,0.3400186487077704,0.37413053438552857
2013-11-24,-0.025404439662274653,0.1486517060191607,-0.07155738798076292,-0.17224125921756908,0.009916903226816896,0.01705115235956765,-0.19229515142120812,-0.004508264580796328,0.11380587885045895,-0.06349912973719359,-0.09585938520238407,-0.048954487617291674,0.0023155713723622354,0.15053096923838785,-0.011906966146148716,0.21747705199267403,-0.1474803138095805,0.08908153045640488,1.0848760218593765
2013-12-14,0.5808693655161655,1.3930194928397646,-0.43958918649920037,-0.693523349373583,-0.018750118450213966,0.05422185098881203,-0.6723308573801339,0.0029213741430135333,0.23974985347107886,-0.30368142312960217,-0.4570259496027701,-0.2096242398396983,0.34741158442465475,0.37146579047679845,-0.10222112260603593,1.904742667175503,-0.6956190395801202,0.40552832863414073,-0.7075650212085735
2014-01-03,0.06032203608602269,0.20892832814413018,0.012820086186199292,-0.21377390492010195,-0.05638724928515873,-0.04741517545401223,-0.2535369989945477,-0.05686924933099967,0.09076643390328018,-0.11121369664000737,-0.12277915099436923,-0.12031103375648475,1.0724234739628908,0.3440228774418349,-0.05675441878994603,-0.30840411547186586,-0.10505052126257397,-0.16726080176323246,0.8304730809389417
2014-01-23,0.08945669550169512,1.0892543988472105,-0.12041236171491293,-0.3774096173501927,-0.053125395309014466,-0.044655095318368775,-0.6631695783150666,-0.0366895935004896,2.001102020037313,-0.1569798056180415,-0.2647583172547978,-0.09445987321585138,0.7728801255493304,0.19849933728309838,-0.050332157800761924,-0.28700857451531386,-0.34950285171656886,-0.29046815788318436,-0.3622211977060829
2014-02-12,0.2555648457960118,0.14643589994017123,-0.09062534509838897,-0.2631985055680434,-0.011559757362676004,0.011956168493116879,-0.12227727952095656,-0.002845333447615723,0.40411924102006813,-0.1475615871583298,-0.1165024038411918,-0.07508099720417133,0.13405792622715001,0.28872563780759014,0.008701651063773264,0.11787849245516345,-0.2523363968505293,0.32052709358573606,0.39402064966312195
2014-03-04,2.982607996299404,-0.5851264064485315,-0.3699187819975354,-0.7410315971303094,-0.03420887665454753,0.1922878302790082,-1.0264447092762168,0.0971695052533054,0.20885117403942466,-0.4553400827526981,-0.36249447370054555,-0.10500262227542599,0.660724188945217,0.37023475390210825,-0.01113835023436013,0.6116601201716774,-0.7460742291459859,0.4334980710193774,-0.12025351029336606
2014-03-24,0.05774272182655319,0.36112422392059246,-0.10639903738283178,-0.29479911283326565,-0.008757525118897972,0.00667674010593754,-0.12298790651599438,-0.0001859528627321024,0.1570511643225379,-0.14665439441922978,-0.11219229562840742,-0.07720112335293715,0.049852098897695346,0.188458245401043,0.0007320711400201233,0.12236847313540124,-0.27947592793787035,0.8653877159564922,0.3392598213458937
2014-04-13,0.023933212816050587,0.13955035372662936,-0.09689382329922513,-0.2880570334669558,-0.016105363914841964,0.006275768452364103,-0.4528993927367764,0.01738746223138065,0.4780758831859763,-0.1664978527158086,-0.1399981995911445,-0.05597577239445356,0.34458442372200676,0.5513308141228507,-0.005543183048250777,-0.5728925662740805,-0.2237450319706241,1.1148480532256524,0.3426222479292505
2014-05-03,0.05236895746616751,0.30196017160070526,-0.105314002803908,-0.2739404156414874,-0.021167009598995055,-0.018788098729049883,-0.12988333802865412,-0.011551669687908809,0.059103769803267335,-0.1283494701815632,-0.09294905837890047,-0.0769971348824507,0.22418120088917412,0.15594838672617284,-0.013527919899317837,0.2149936714124025,-0.2575450482297167,0.603478194937212,0.5179788132268506
2014-05-23,0.5264859214480058,0.23780443766028617,-0.17367100252843526,-0.3329234171652842,0.000843695017806547,0.022156137709753193,-0.2954198411148034,0.006016780304033666,0.15038057846354427,-0.17236786655596328,-0.1441803446098724,-0.08533521002106911,0.2362327090498505,0.2710882611520269,-0.014338260844523144,0.22152226044655055,-0.301305856346695,0.49393523173039355,0.35307578620439484
2014-06-12,0.4247690827648529,0.3523014891443933,-0.11659236942762681,-0.2633439530780484,0.0021537613707020955,0.10929410580260827,-0.7273236143405909,0.021765460530717477,0.26550605325680116,-0.11818394095741179,-0.13934152311067394,-0.09197631760287996,0.3969784936891887,0.33046069554808627,-0.01911057755847763,0.35387964837573577,-0.20190460967860155,-0.2686060667779083,0.6892741820491334
2014-07-02,0.13349984122966044,0.4280289660089891,-0.08924526277703819,-0.2041150267226588,-0.0005600888159082828,0.02404505531023591,-0.19471731265377729,-0.005521650687364537,0.28391830132883666,-0.1039338536079703,-0.07580206004719581,-0.0889892673142498,0.10274534507914508,0.2551505123707741,-0.03949967514107016,0.21511660327669083,-0.17329473445710064,0.08182649724644533,0.4513478103735562
2014-07-22,0.365210600069594,0.11886382187853621,-0.09229416554342218,-0.20681223157072148,-0.008459975370227954,-0.03568022405984209,0.11324108487881025,-0.026355781324334648,0.5587046039592782,-0.10650883657013789,-0.0687226730692698,-0.08351873738634408,0.09853345823849176,0.17335416648546112,-0.03526157955682903,0.19066509283558533,-0.1911704875994392,-0.13185353362623628,0.36806539733104765
2014-08-11,0.21168166619146495,0.12327664510310217,-0.10860048441526474,-0.16287636115836396,0.0006129188287796026,0.013835416607119792,-0.10144244284480478,-0.00219813774420223,0.15887420642636807,-0.11271919444379723,-0.025443537316799922,-0.06322688736359829,0.08677825928484688,0.1745423106355193,-0.023789730281275807,0.27923281125956256,-0.22638019485658778,0.20720779345321222,0.570634942634719
2014-08-31,0.2357491372516246,0.25627034454023395,-0.1613488913040807,-0.22692986372201684,-0.010265933844423989,-0.044558739958059784,0.09735964666408566,-0.05149940521656512,0.4777673564741689,-0.17694745416555158,-0.06903848999839918,-0.09155979879842976,0.17070431075144388,0.2929127161123223,-0.06068565744073008,0.28501406221015213,-0.3147212666251052,0.37099377495939245,0.02078415210993836
2014-09-20,0.4716121905521917,0.4037140655668096,-0.3330556503017534,-0.29136938894680353,-0.01678596872418292,0.012197656219434737,-0.5351284634002113,-0.09498344566748244,1.2262164039397097,-0.30827057033137756,-0.16691642159241288,-0.13705539945064296,0.44018729115367095,0.7325742387384993,-0.1448318934052761,0.9270894932835939,-0.5602209646707778,0.6203878921891239,-1.2453610651521128
2014-10-10,0.4006161524289635,1.5582834763245166,-0.17662586111231285,-0.06716907757343202,-0.0036068938002252883,0.03747774763444369,-0.3126054980884531,-0.039526813673470176,-0.40021103400959224,-0.039364438772477084,-0.07776071744229755,-0.12445040119915758,0.09956349759540148,-0.024813866600994338,-0.06271092119310795,0.00040525950033629485,-0.10233832220505222,0.26839453868373003,0.0664431735031812
2014-10-30,-0.021347713155270093,0.2116639038962308,-0.12864674621080127,-0.09217723176803214,0.0012147831841035643,0.026413797078683965,-0.20401173045506918,-0.006562878874215954,0.8062473814292425,-0.09148083665420545,-0.018556215146636308,-0.03572601237905038,0.056606647778964694,0.08777068629849301,-0.023766831499054435,-0.006945852228351657,-0.21062594944115157,0.43051001654232823,0.21942078160379164
2014-11-19,0.17528296529823056,0.7461760791585932,-0.14594898482870491,-0.08346085715558625,-0.005584937364379763,0.018590451199835784,-0.5307004236376854,-0.008510528812456116,-0.24251453630156655,-0.11359641066138265,-0.007329405152788514,-0.09271259415285234,0.24736787263338061,0.21965052203707944,-0.03778215453804449,0.6837510157911173,-0.06748311948974775,-0.24716334239938587,0.4919683883763437
2014-12-09,0.19250424237237213,0.04313891199660025,-0.1570775126973145,-0.04943390970938971,-0.013884876703870296,-0.02516181595752737,0.39367457555353963,-0.022301887567003624,0.19071066854591606,-0.11459678683028945,-0.030085274020082348,-0.07055631954616966,-0.1496964330006243,0.19132423089521516,-0.09748957094093777,0.37760652596134403,-0.08880318334483371,-0.3454658489542413,0.7755942639472966
2014-12-29,0.22870272807232425,-0.09097672224626549,-0.13722798396654243,-0.04914177150231946,-0.0015907428348167457,0.015488339146220503,-0.15353795369764378,0.004783701535384925,0.05663354871504081,-0.08390343431637284,0.012776803831783643,-0.044099276047905166,0.30149785311832195,-0.12347198753417647,-0.05803149349759197,0.0877486774227082,-0.24704098940994074,0.6220900142808787,0.6593006889309121
2015-01-18,-4.5521510122408895,5.311371103979794,1.0656395760307942,-0.15317766731133384,0.05654795747456757,0.4527924846399526,-5.295298156734226,0.10512526604509952,4.268418292987423,0.7235232101436467,0.5821042267235454,-0.24732402416668575,3.1167965582408645,-1.8502012655224018,0.03936650738744743,-3.7983743362544864,0.8052061685804354,-2.2485837043869177,2.6182188143833707
2015-02-07,1.4313065368076714,-0.044765257987689204,-0.49612923090335176,-0.1534802317612151,0.02762039381623869,-0.06176214352378224,0.7047392335676264,-0.06562234263333634,0.703076898755334,-0.37255918857160947,-0.0680577362574714,-0.14940761748136802,-0.4633314621709753,1.1459785837795116,-0.1458745795683907,0.111625976197581,-0.09845768803450189,-0.6345471025107845,-0.3703530415194867
2015-02-27,-68.17524945326083,126.04406719477177,8.562806875637202,-1.2760370755932389,3.1203660005611242,13.742688477059197,-137.7379838941393,1.840848286697639,44.97442637492844,12.095780580512738,4.652384603220009,6.223239215580697,23.67949341025768,-34.26998513191133,-3.6269327104209124,-40.34085784062125,14.669023640210932,-77.39003777306617,104.21195921957558
2015-03-19,2.6564392171698024,0.890134562062766,-0.9611509030582331,-0.054012861611024525,-0.08702789355233126,-0.46495288214572295,2.3138301202422906,-0.29803053211823777,-1.9076013524989108,-0.6947839272751144,-0.1350282519926633,-0.45599637691644074,-0.6209973283575386,2.2484027299170313,-0.4036795866861808,2.938718123448917,0.019186583300010128,-1.3810102518867151,-2.602439188041705
2015-04-08,0.49686761884979336,0.7847725765876424,-0.2429293896411448,-0.023700105239939394,-0.10402011847712808,-0.38902697031005323,2.911745733030832,-0.1665728689057612,-0.575589004103046,-0.2121633290105292,-0.11176846886362621,-0.13769600286912376,-1.3051093187152687,0.36963421504568783,-0.22836732388497927,0.13345634504579157,-0.022198936493992877,-0.08225957390467516,-0.09507507814047902
2015-04-28,0.27095330034389475,0.3935432344655106,-0.2271568615119352,-0.11905757904280356,-0.0250632269897872,-0.16613402131905503,0.7631468460657932,-0.07632674722263912,0.28820956319051166,-0.23058763105469096,-0.06468805824613323,-0.15140321761464023,0.0717742393566922,0.3788551702192454,-0.14278937848854945,-0.024378715788772157,-0.043642207891783434,-0.10995946383732386,0.21470475536646547
2015-05-18,0.3958121212221976,0.5022713906586174,-0.3590454775246851,-0.16393930929557118,-0.06104647117040186,-0.08825707047174987,0.5782232419436093,-0.02883941836818473,0.3369797666998196,-0.1436113194368627,-0.04385893491790034,-0.2566866148012733,-0.20703535206060378,0.46455924279752525,-0.14242713440552787,0.4163246617532184,-0.19607237896324922,0.377262061656,-0.3806130053149777
2015-06-07,-1.6039484704263147,2.1280634043630005,-0.5189431538295272,0.03737405343162258,-0.23035174172576586,-0.23559883943450632,2.40337113646215,-0.13340860395047793,0.041687760034770184,-0.15172377497633893,-0.08744651871193942,-0.23860809466936508,-1.520164952996335,-0.8118841920426194,-0.24394740654193367,2.772281883031963,0.05413177361344273,-0.7819282764552435,0.1210440148234182
2015-06-27,0.241620624456721,0.47755745950835893,-0.3463424470534015,-0.1484251459055884,-0.1025836013570367,-0.19532092875735246,0.8345212309046385,-0.035421431695481155,0.4113336773560427,-0.1847357646127408,-0.042207874746660774,-0.3109994114814221,0.12359891685632905,0.2877849969339598,-0.21395966697338645,0.2524269762575087,-0.15803776371476852,0.18606867215531042,-0.07687851813103029
2015-07-17,-0.02037971904153389,0.3528980619369634,-0.16319175609190914,-0.004570548902060808,-0.3213776753642632,-0.494346603154818,1.940932275154843,-0.23702868449317785,0.06128838283889356,-0.12622734289447937,-0.18084346903918613,-0.39597505802809435,1.6023452273692707,0.21970360512995593,-0.31718553420906737,0.0905834834677501,0.0903072568288881,-0.02306713876215774,-1.0738647627458169
2015-08-06,1.0000678957566296,-0.05495722563751283,-0.28560044115446587,-0.17873527937180397,-0.07862118228633261,-0.2014357502787417,1.5217268013207934,0.05124740055665144,0.6255266586200177,-0.27195857420965885,-0.05840896640350197,-0.4435323840899743,-0.6718780393927501,0.9948962410726051,-0.15676755441383944,-0.6598655706158585,-0.3377211658140399,1.051658681475583,-0.8456415451337997
2015-08-26,-29.969251935337535,7.02969462238637,-5.802441003697161,-6.610541668644465,2.302327313484666,4.273953334081965,-86.64075882557557,-2.7071939170826163,16.411867731713194,-4.715775336603053,-5.638763330609726,-1.842870291642346,45.91880625840559,29.814662162267084,-1.8188007585279677,36.992346651890934,-0.5636934680377441,-19.14497927745895,23.711411738987334
2015-09-15,2.159009585771941,0.5219702057466885,-0.2759877557490492,-0.18663742959699575,-0.19475722018907005,-0.4287193437856202,1.6757927477114787,-0.12407114460838656,-0.6270122951058723,-0.3202536096549229,-0.039296447806951386,-0.5157461938259821,0.4607032727477722,0.008198850544845596,-0.2524111081801372,-0.7403150304610545,-0.49425932785011617,2.1165197393662347,-1.7427274950748026
2015-10-05,-0.9105066151051698,0.4402485814775416,-0.13620964654338463,0.02906571694791905,-0.24758609678215007,-0.5252031325666268,2.340112003674196,-0.32295923084727196,0.42596259049460244,-0.23577791631971692,-0.004315631140737512,-0.3204186896123788,0.17843468879866173,0.46490916413712385,-0.2658492852574307,0.34322156842318474,0.014723629716525329,-0.7971464142689546,0.529294714774067
2015-10-25,-1.1359472814049796,1.7537646140400631,-0.5817741762357591,-0.40142674964066644,-0.14066150884059275,-0.374433152699662,-2.0434475162124555,-0.3836402643450281,0.9829420823476178,-0.6465523327134617,-0.3457939538029298,-0.5645289187163212,1.2591560325080189,3.6405244828866303,-0.2401273445492477,1.285139347014045,0.09612887972835057,-2.313439369228628,1.154117129865006
2015-11-14,1.81788873759786,-0.5693662609643172,-0.15374677446445922,-0.22453691684912017,-0.12621577537113665,-0.32908568428256474,2.718562281575542,-0.06569427278631897,0.826776371721287,-0.16559761502664497,0.07601461999660185,-0.35820859801690746,-0.47800966573290526,-0.7380244915871721,-0.18433397630490533,-0.8271180198050061,-0.3708287536356136,1.0521157337555689,-0.9005909398197879
2015-12-04,2.179378373629424,-0.9178560257455249,-0.0301870795808105,-0.009869723291251986,-0.04510124629232284,-0.09797724936151656,3.1298017295206453,0.0478064681636753,-0.9785717452692081,-0.06193818251763393,0.2106477364445323,-0.18776124026629104,-1.94722055308577,-0.7656243833360491,-0.08527870939732023,-0.6541768793019967,-0.49602652229542105,2.488087771277823,-0.7781325392949839
2015-12-24,4.056533696798106,6.116538689499568,-0.7004669933616567,-0.20607729693724236,-0.5665871346160358,-0.9500167507448815,3.9013436714013805,-0.4158429780020553,-3.455407871073557,-1.045654064144619,-0.1756917311259492,-1.3270625223259906,-2.2275781278516047,1.809807705555407,-0.5702619503297133,-3.2599874846136556,-1.187036814893286,5.574727183550005,-4.3712792267842175
2016-01-13,5.0807991075419645,-1.6254632685665833,0.39198169122814525,0.5320956296109446,-0.20139121045989805,-0.2450539339703867,5.369788915286599,0.18721341358702762,-1.6117777924013712,0.46672827554878166,0.315299701862722,0.302203698718783,-1.3661954114821953,-3.4676505519939242,0.12264010436727739,-1.9603103788138128,0.40085830522669313,-0.5179662745441183,-1.1738000207466486
2016-02-02,-2.5073782936398645,1.1495523226453375,-0.40776577665820823,-0.41386986717868923,-0.08357074908541184,-0.31255164147246217,-1.0168437790619362,-0.40022178013258436,0.83883802020826,-0.5259281978954208,-0.1565481616148323,-0.5745477678915922,1.2361593526259453,1.748014062416641,-0.3564727877476898,0.7412473566154385,-0.6135913713122847,1.2876223056471718,1.3678567535321817
2016-02-22,-2.323769694398521,1.4901056976304723,-0.41296485544478134,-0.392321100776792,-0.06684010078609344,-0.2713258738905025,-1.2005612625596527,-0.3871163662338761,0.7079430592414836,-0.5324599036326738,-0.1548726187110605,-0.556678608409233,0.9497359917479428,1.592714457394801,-0.3273548831324819,0.9473454573266635,-0.634817462842502,1.3228335534145774,1.2504045140622295
2016-03-13,-3.6860699479748966,1.3191504156870462,-0.3786308439706684,-0.46842207541930964,-0.15055629851770377,-0.44390679815428924,0.007343085085346037,-0.5155341840814346,1.2865544410631555,-0.5983349010110806,-0.16085488843576562,-0.6805553597238481,1.2476610798334118,1.0634554500026574,-0.47779417597110235,1.2925743603816002,-0.7967066532783426,1.5864422853625244,1.5541850091226999
2016-04-02,-7.917848375699051,3.135132892597046,-0.427366471610683,-1.0852174278630806,0.07336994549242691,-0.5616069181719199,-6.084369563166458,-0.5402790863165352,4.8967296616453115,-0.7815850495837852,-0.3079450965938084,-0.497580422118358,3.3837114718048134,3.622566611109018,-0.1673996729675433,3.207351861766787,-0.1397006948892625,-5.716319868478738,6.90835620304382
2016-04-22,-3.484463723000147,0.7308402682963133,-0.4312317171346716,-0.48873353313720574,-0.23302243498997843,-0.5919592220362341,0.2663367664013141,-0.6029077404288913,1.0790924145850664,-0.5572020481566774,-0.17265939103939631,-0.8086795129277385,1.6475282574470353,2.186595765529386,-0.5103784478758998,0.9892668651476688,-0.7610546402269097,1.1652371541484843,1.5773949193984809
2016-05-12,-4.69242818011249,2.231921981560579,-0.0924652646060929,-0.1496240631922146,0.07371266517407025,-0.1657891390028976,-1.2808393768769653,-0.3311719149173701,3.132095529657401,-0.7200812620073296,-0.050649522594572005,-0.40992783291901813,1.504545649578702,-2.5402356931467223,-0.2119143651916408,2.2480968117453584,-0.8622897116280086,1.394030548906899,1.9230131395723125
2016-06-01,-13.76864390266364,10.303203691435948,0.1629272669149135,-0.1875565691720289,0.5842014935241863,-0.41885641660742307,-8.67321213446773,-0.3870222985724342,6.689868496964167,-1.5863040509090318,-0.14714883308687327,-0.6346448612082106,6.715111844642219,-10.407546783456013,-0.14087329398680937,3.344871536903159,-2.093197004311352,5.7772985436384605,5.867523274418492
2016-06-21,-4.613985094583005,1.4068298966669937,0.02228523729118267,0.037649361307409944,0.26273966922289416,-0.1347458008434478,-3.938479730364221,0.0009371953965072714,3.197422972513993,-0.3899343572347999,-0.018254086330077978,-0.17670130538277967,5.1791680728386975,-5.300638525710798,-0.10680494923981773,1.4494962566278626,-0.9679506500380318,2.9913946926158848,2.0995711452455526
2016-07-11,63.50376932639534,-60.37035456910426,8.093032155250192,3.1515014093066225,0.9145094606629409,3.2777835622198097,32.49475558144594,3.677625680819285,-15.177662282834811,10.635399337226973,1.3832042906802635,6.387414597249868,-19.365516676764187,13.999235363714687,3.1083269846995147,-12.92037950572925,10.598917140545234,-21.027000089181183,-31.364561766603
2016-07-31,4.613287850045681,-2.042803931922875,-0.15300389073008758,0.16504137686267137,-0.06272545309742984,0.061189788387192745,1.5820497069234751,0.02640136921081031,-0.349897362034255,0.2786416482033256,-0.029650749787094893,0.06867097804275939,-0.6080065406108054,1.5597506917842516,0.055165368958948975,-1.715920513696638,0.2901232162342844,-0.8894789089745592,-1.8488346437996555
2016-08-20,-6.277585222606947,3.394126369617976,0.025401821429389224,-0.149637490915131,0.23657196785798182,-0.12680938523836305,-2.2592923018954907,-0.18276231756573888,3.738952482028542,-0.3291373377800088,0.06925395424954632,0.011174850169798927,1.368812030065097,-3.955937112320147,0.12401254002296998,4.9333525051847165,-0.04276475390457621,-5.016676908752531,5.438944310352917
2016-09-09,-1.74112548367917,2.1767094552206725,0.2154147490126375,0.03387021635184708,0.3570912852249641,0.01719377857378698,-3.047045273630418,0.20579289936684106,1.6972386416472076,0.006344049053330196,0.1394312537253849,0.23978295358865298,0.7198006859528613,-1.9361532023514179,0.26767563018634577,3.0938969603253246,0.19919395243095248,-3.259316158469482,1.6142036074696793
2016-09-29,-0.25031694135550236,0.4831201240906701,-0.09797214831967398,-0.05555571573197547,-0.029760412803541303,-0.010160387252568159,-0.08716284120635125,-0.05428004547964158,0.5369263931475616,-0.07289447109513517,-0.0058884838112619005,-0.055479487998151174,0.23790212895975665,-0.5648028854024538,-0.03842774687608893,0.7063901326746156,-0.08078712143326423,-0.6757915919141773,1.1149415018071827
2016-10-19,-0.6394300183530366,0.8287328298483877,-0.11753702682168096,-0.06964372810801372,0.020138911275599313,-0.01731813670833037,-0.7584800959619374,-0.020023489324494177,0.6676717282368709,-0.08252464082457144,0.037347434065502776,-0.03573890624521962,0.3686454745821691,-0.6044168974935187,-0.014103114747485681,0.8519685492224218,-0.12058666181852501,-0.4112073516072612,1.116505140783123
2016-11-08,-0.24660494126792096,0.5145173405408433,0.010929135762051312,-0.027406297742498465,-0.015352449642613774,-0.014823605520881978,-0.3326617432870438,-0.002240233457404648,0.7388848959800742,-0.04039787117963575,0.035336691557302645,-0.029965793801542948,0.2770629446623092,-0.0790446024499645,-0.017231473271697315,0.906196598226024,0.10457357059394795,-1.9646446551979753,1.1828724894966265
2016-11-28,-0.776939006346047,0.42896263033396564,-0.309972579554936,-0.1397511998937133,-0.03744152417538971,-0.024420688373610847,-0.383936979966872,-0.07207446548467539,0.7426337028740511,-0.2196747116334736,-0.020470808575375015,-0.09533498472796433,0.375882383589441,-0.7206741541764466,-0.14965182364844365,-0.12654682790849217,-0.45330101680001816,1.803749921111013,1.178962133356987
2016-12-18,-0.2862707411644212,0.5987507662974143,-0.00876567150790525,-0.034786576608949106,-2.5590550471053872e-05,0.0014006173970307534,-0.4127130592729879,-0.04417363587055281,0.45326563439847745,-0.05475308476589233,0.029792664709706155,-0.03570499920256099,0.6717467814880542,-0.5081053655495003,-0.06926440736360112,0.46652388810653006,-0.007201089643643267,-0.7830187870943343,1.0233026561976066
2017-01-07,-0.41314019467379837,0.12232226134365655,0.07325181412945483,-0.027097371008965712,0.10898782487380416,-0.0013370245644539506,-0.4966076707713125,0.028488161655358467,0.5501148628427028,-0.04392628492578148,0.04789712250143768,-0.024768613480547094,-0.018413469576362685,-0.539548035351002,0.01109359690433458,-0.11192843026350141,-0.027774896508983134,-0.5836720270294528,2.346058373903412
2017-01-27,-0.32803423009296157,0.4811896421020327,0.11202976259546353,0.018258165301986602,0.06553997567747541,-0.0017432884460506018,-0.18768098841441397,-0.026761335210317573,0.9172681807113968,-0.007096509979152661,0.030205154367885522,-0.05073650898013339,0.39584158627428356,-0.7018798494361527,0.015187000748065034,1.3195821826194336,0.04487504972978601,-0.7405531649209965,-0.35549082464762993
2017-02-16,-0.19381154728620711,1.0186982726591038,0.07428460533258284,-0.01767038940602678,0.010554448661931098,-0.024854781441996394,-0.274691245477423,-0.012904498282846922,1.2436134899906952,-0.07431834067952262,0.0009181115912858551,-0.08142057317589815,0.21161276505312474,-0.3645024343990113,-0.055478052597183615,0.4368532157398363,-0.037009308435540414,-0.34660541985624527,-0.513268317990658
2017-03-08,-0.02845031104789257,0.07303820956415566,-0.0029581299633731784,0.026689789511759016,0.05875647463940916,0.004050011091787618,-0.4728302837391564,0.008815922770395354,0.7355235300766652,-0.024413050004596933,0.03567654191535887,0.0196811896047436,0.15642989661611656,-0.3656896370556168,0.05203874264873678,0.20574451961096332,-0.08230866722701892,0.035014584022865954,0.5651906669646977
2017-03-28,-0.22853505560997334,0.5474817776679867,0.03200209245145042,0.010513918263756694,0.04415057811418541,-0.007600312107099999,-0.4692598323948041,-0.015818448318779633,0.6296643716463117,-0.026639367254486325,0.011374075598850385,0.007850043125716494,0.20147597701234557,-0.31185904688573274,0.03943272533944516,0.9125138908192137,-0.0015176686195610657,-0.18413189065849125,-0.19109782819033344
2017-04-17,-0.19289785058598452,0.4050249107450276,0.03269611951010913,0.013873883869073705,0.12201729022011104,0.0032626603032717065,-0.760717857901412,-0.012801627321929425,-0.218850555846601,-0.028400509102059445,0.02360622554225736,0.06276817617241084,0.15608787531444074,-0.31123283756354664,0.09676077653635083,0.9905550912720184,0.0037406486037510115,-0.23695908769686166,0.8514666679295723
2017-05-07,-0.6461281038656155,1.4181544003048527,0.13338008890966074,0.06040672691534857,0.04698312590987446,0.06591808875655242,0.5019502783921456,-0.01943364905013085,1.3877004290535846,0.02502232589279584,-0.010102159329870282,0.022077198311345275,0.5596101511100022,-1.5542527278759453,-0.012228416224731803,-1.6142567585311838,0.11901139183908788,-0.6190420035937484,1.1352296130759754
2017-05-27,-0.1979284553006387,0.6891234080497414,0.05375914375440981,-0.017342163515818014,-0.012894687178037436,-0.03901168751950258,0.050648171641359235,0.004273401500110196,1.0621457002760155,-0.0023734659152019697,0.0006431617557783573,-0.05785405390941618,-0.08151297588744244,-0.30373860600609925,0.012992339059812872,0.2004233164880884,0.0467542696260888,-0.2741248236513367,-0.13398199326791144
2017-06-16,-0.16331007547630433,0.3975213147470826,0.03508019333492134,0.007961321602502314,0.02504577767932716,-0.011001900879102987,0.04440850463893566,-0.005301976461436284,-0.2236531113074931,0.04189636111271402,0.0014494922151721344,-0.025406662396250227,0.1723571644679991,-0.2723593066743077,0.06989784136483378,0.8045674104091967,0.11875450989348194,-0.531611698392725,0.5137048401214528
2017-07-06,-0.13046656105576257,0.23156206534036694,-0.010400464928518887,-0.007935377620499066,0.00881268686854986,-0.03438207741570747,0.053075342248638045,-0.0023783208273389605,0.3120082620904752,0.015637600513913316,0.007076296179749766,-0.030212056036848334,0.10774314104494956,-0.1580468824012603,0.02298349782618047,0.47190415999278773,0.0013349788175460694,-0.1455991294843299,0.28728283884710853
2017-07-26,-0.018436076604505948,0.8646148701844787,0.00546802497875477,-0.021851350936042645,-0.006325582605624767,-0.0032340522999324117,0.006275982679991932,-0.00350269381447252,0.04813919491964638,-0.06036389130752077,0.00039987696719859906,0.01700069098685631,-0.05114329632248553,-0.07367329315851552,-0.0041026784858946425,0.02762870324387799,0.0019656752379549375,-0.06195403202132598,0.3330939283575612
2017-08-15,-0.11432017025322916,0.4747829855455249,-0.011435430054627983,0.026546253318257152,0.006489019094308663,-0.05715747364205881,0.09255121861751149,-0.002762552311577275,0.1899653654936782,0.009168708831096824,0.006407428252978423,-0.025843398801514667,0.2988543645157724,-0.2944665845433782,0.02904224362342005,0.3355560836997612,0.02221257215149786,-0.17482852188775402,0.18923788835033278
2017-09-04,-0.22351359370838392,0.22994789617540992,-0.008534359970790946,0.08110596507815536,0.006845955641051267,-0.10850545144066508,0.25521003956465443,-0.0016955955203719608,0.045475424717192604,0.055440534465297966,0.008427962420574005,-0.023045467871511217,0.9718475654287231,-0.5820817270553564,0.013311924631766094,-0.28526958912298883,0.05410299201728322,-0.312163820344161,0.8230933448941214
2017-09-24,-3.239977777401728,-3.826517751143247,0.43961498290560436,0.21965138539989415,0.4687480911982687,-0.299635447831419,1.215768867101222,0.06394301655973948,1.2841613367953277,0.17675813135060728,0.2455749064771162,-0.26233939698328446,0.4715188743047494,-1.3794579763509218,0.47881190784890265,3.797734228616643,0.7907646651589066,-2.4794356094514676,2.834313565445086
2017-10-14,-0.15044846206425108,0.7318206335265627,0.02914615227580467,0.0017711941606686516,0.0042646421866013055,-0.02373083436017664,0.13254860890377076,-0.004439141894713045,0.22362021174017982,-0.021176773723486583,-0.009648356474549173,-0.008314827258709976,0.034887067318202104,-0.2114924886872487,0.012708744819325381,0.1415911634858943,0.04563770790906026,-0.20768874454515457,0.2789435026822197
2017-11-03,7.836590957232228,0.4788841487547696,-1.3568997985995808,-0.5414914026995867,-0.7824711384528853,0.7747703139394506,-1.575062831800285,-0.03337809680515574,-0.9008572226200272,-0.4065027529226012,-0.2509814586693198,-0.07542169795009097,-9.103745477877293,2.869672959131793,-0.2111638419025824,3.468026944508975,-1.9207406074643028,4.3343173659710414,-1.6035463617745471
2017-11-23,0.20251488010305232,0.7538503493843848,-0.18351848863586723,-0.021788417275553768,-0.06003353931853259,-0.10393790194941123,0.014073881400928207,-0.004574532379977,-0.18502546958202276,-0.03562269374907439,-0.02034093696282751,-0.11559050758033312,0.07699505463686383,0.26820538443760955,-0.010331728101798917,0.39217281684421024,-0.13271220682350435,0.2374964627409863,-0.07183240718913242
2017-12-13,-0.08432612890766239,0.4790892460469546,-0.04683040553759427,-0.014486834186257635,-0.025507742315184906,-0.07417700977121594,0.06324642599529329,-0.013950238450674841,0.33808733610333447,-0.01816597376639661,-0.023666428695491813,-0.05305230369941512,0.3229637122343073,-0.010947152540668014,-0.027104151750751888,-0.16238838740225292,0.11328282428714505,-0.3333123163096831,0.5712455286662146
2018-01-02,0.01597401080797518,0.04474302096647431,0.1831666476879061,-0.021691774677878615,-0.00406015808109715,-0.053169788750960165,0.024280550370341495,0.0009306788063133017,0.21132940645133244,0.004199345518509422,-0.007191885600347215,-0.0475429726355253,0.02629567298506676,-0.1082159015175189,0.0033730357672873226,0.18963283844884135,0.24102897190316427,-0.09269199139543986,0.3896102929455552
2018-01-22,-0.12443294387089766,-0.08269219767120531,0.4773846801986879,0.10912931650886794,0.07577052052320386,0.05872756723699072,0.011062654634203865,-0.00964638960296509,0.057249418439226936,-0.0332917981157145,0.11650843266622242,0.01764305068331242,0.17698814426811574,-0.019948894460559467,-0.05791783837291331,0.05014869808701238,0.074117812175143,0.11263071486858604,-0.009430948195317626
2018-02-11,-0.010555309112736692,0.06642611725678997,0.009315025033858523,0.0611218197972248,-0.01210150006297282,-0.014321386313366338,-0.012150706221050203,0.006248646421995605,0.12321231723754589,-0.04777785765144181,0.03856254477736337,0.10766202727944647,-0.08951591662750343,-0.08268068835587981,0.061021165643239166,0.14856443014632653,0.2621891046966432,0.0729091802715906,0.3118709857829269
2018-03-03,0.11845597942198013,-0.0421001458796681,0.4040836319676943,-0.07514885979473733,-0.022942256216507813,-0.2363265030278326,0.0054680405665254415,-0.038927122902663126,0.971072604348293,0.221978614395987,0.03844302944996995,0.100888856618109,-0.02921289798080831,0.058148045669292665,0.15429535655346097,0.0006157529123290299,0.1251216309159575,-0.02591489378156109,-0.7279988632358207
2018-03-23,1.7281248133531946,-1.9052719111126741,0.7032677098670042,-7.803441337327599,-0.34426311641370405,-0.8365206619250174,-0.887529217396312,0.6905580173013048,8.014668631061685,-0.7068463080270077,0.4602205069459563,3.235817778443843,0.25286659133332734,0.2088138907905436,0.0667963408926955,-1.789931393236023,2.9014656610645866,1.6937873989024517,-4.682583394518254
2018-04-12,-0.013810745017866392,0.03760224911558114,0.04578543639149454,0.089461404203956,0.009537749214079662,0.0772611543981658,0.07302662325858088,-0.004407544689019433,-0.014084080413612041,-0.07510163723257478,0.0907556433316751,0.23606368321927418,-0.10352432363929304,0.1572609850739163,0.000773913950600026,-0.05940127930067868,0.20270168767923635,-0.09916055885372936,0.34925963931021387
2018-05-02,-0.03169359754547029,0.011073190425047532,0.1478929167189031,-0.020032877623887127,0.13321691871382027,0.02445106437500426,-0.06922956066696836,-0.013618976527741201,0.14649450538504585,0.027949982365598675,0.07939199539572134,0.14411118250566204,0.09392716564461258,0.08619192212235569,-0.004744867337754092,0.039496894968336645,0.24387673486675895,0.0195417318539357,-0.058296325638981794
2018-05-22,0.101615483815812,0.155559630132362,-0.19452471578170927,0.16654467889213304,0.17948831327328998,0.1606107350455839,0.003124423471019994,-0.06677460309176264,-0.022566732491167432,0.08061872825072827,0.15728533047706506,-0.31518768631431215,0.1381501641265881,0.2963437043704921,0.030701157161785876,0.09236522140053398,0.6162592718162019,0.06975664157098511,-0.6493697461256296
2018-06-11,0.16028000924402896,0.05162009015375394,0.18115653199306667,0.3762176284630465,-0.04159435053759183,0.13701167851343077,-0.03906906155249607,-0.08748598581827106,0.25530026375082465,0.05501399766688608,-0.02006616415759429,0.014951708156855764,-0.1147655992354937,-0.029289058122970897,0.12248043169631662,0.15111041310236084,0.14006862355049882,0.030537216293724717,-0.3434783731603764
2018-07-01,0.21473197651551015,0.033536226216546804,0.2044050035300125,0.0632559842542169,0.20082662747525928,0.10014120110937913,0.01138528368588027,-0.19336034741841007,0.2524033166618611,0.050221765499593535,0.14309564062161365,0.00443189114934492,0.1281287947472965,0.07662961434895069,0.12398424678685088,0.1733050579712074,0.7190910063565924,-1.3752417834766526,0.06902849396494634
2018-07-21,0.053900887282419485,0.1363392756387817,-0.033323506050446226,0.017491719287420656,0.05212985211294232,-0.0037443960987156126,-0.014608076124951554,-0.07013831832815551,0.28724200468053296,0.011177356159771694,0.037016428921449185,0.11356843771267573,-0.027462166522485253,0.02496737114384963,0.12367469669506372,0.12757472525292138,-0.014559361096527373,0.08788407272256159,0.0908689966108915
2018-08-10,0.34566188243799717,-0.053302417200045284,0.10790845199759336,-0.009697955944556982,-0.2898501361530275,0.05712430427355645,0.12533460935280996,-0.10784353848002408,-0.9611849422550849,0.09247494189358973,0.19640877581934849,0.1313966722311792,0.13656277816109802,0.2372695124207411,0.5087480344703723,-0.02056001788821268,0.42809694038001506,0.16362055132419387,-0.08816844684154336
2018-08-30,0.01406022408895896,-0.1480638049180999,0.02321465724154642,0.0015575604390521106,-0.09572716491441766,0.033490985305699904,0.02434516636824854,-0.09753414008771845,0.5444086358175861,0.035557116715974904,0.132602971301769,0.14747032889126738,0.18560419427241837,0.06471308239349545,0.11125649311442017,0.21766728087139608,-0.4428203914654965,0.06031457267978907,0.1878822318841101
2018-09-19,0.21194551345702173,-0.024829595607106205,0.16362722427805754,0.13428366971723169,0.057491202490054405,9.325567132579124e-05,-0.03167401833876991,0.044620149083017584,0.049194861993233724,0.03240221800314937,0.0007887136855093316,0.0037316982653734215,0.10887082196365114,0.08988620441709269,0.031577313991538514,0.027498126627578254,-0.03465639301533443,0.04179131317751431,0.09335772013986088
2018-10-09,-0.04801465725823525,-0.03289849422588351,0.23751175650157003,0.29263306548787105,0.06552559244359872,0.0488761846177784,-0.0784941333379115,0.10072612726990805,-0.03276301576421923,0.12628049572338476,-0.01801092638354966,0.0882977732742009,-0.04442946225797694,-0.048932521186869325,-0.2121203459225381,0.02683041829505564,0.22270194426569317,0.017410777760542274,0.2888694206975805
2018-10-29,0.019758430444757946,0.08443220911398956,-0.5817983645413927,-0.19106969329690987,-0.0063015022434443286,0.09295645603111856,0.3697206259463088,-0.11329718836967108,0.745521664052101,0.10954852509032109,0.370376450572054,0.2535053546887835,0.7455680990187538,-0.8690321073419065,-0.1409797651434955,-0.761402200199487,0.2804277615546338,0.026408585143621842,0.5656566594798632
2018-11-18,0.13573038583376984,-0.032723058941670415,-0.01722335379862913,0.0499167999698995,0.0429527081763665,0.13513999901349374,0.036033870199059785,0.06374083323653135,-0.03097066633463918,-0.06689335130194085,-0.03360703680259728,-0.020080804370446292,0.25642826064558183,0.05709298005177304,0.017549900878366127,-0.039159574981919174,0.19109522654698105,0.24292140618977048,0.012055475790249227
2018-12-08,0.07528852032511113,0.27503345065610135,0.0024143109926544506,-0.05477744645354223,0.0009451175176114051,0.0006156161669379408,0.0004576678879474864,-0.011240260889329527,0.2509680195294048,-0.028222995088294206,0.073271422033055,0.19117405583867314,0.023395643403072052,-0.00872685236500953,-0.014670815159411833,-0.03614894086479758,0.22832731699752584,0.09013830929816836,-0.05824213982587819
2018-12-28,0.09890121182599544,0.1538797809439137,0.052045493600534364,-0.017055538084034337,-0.15068752309785122,0.036027466426747826,0.0907047490151172,0.007239935997481333,0.12257863962418683,0.025438576205593116,0.05079631599770798,0.3537305652393824,-0.30111430565316966,0.052497966499155696,0.1943120207393388,-0.15402412495480985,0.21453129741116844,0.17185749854903232,-0.0016600262854902274
2019-01-17,-0.052857896677272136,0.14896646358236035,-0.08919199484240366,0.06904087134601952,0.0595082656512812,-0.0833298560191975,-0.04531022464987583,0.03486338489255316,0.17736757163423766,0.21545659280022772,-0.09647550949718431,0.10578020822955175,-0.19491770697873023,0.18166899461644948,0.004804109774388936,0.24930480625126253,0.07578956919734277,0.09884470458645958,0.140687646102529
2019-02-06,-0.038054918317702593,0.15640857160881746,-0.053177188429294454,-0.027580823291312024,0.11009414491644642,0.24320335837417817,-0.029737201009952512,0.048611917105053595,0.02579001695731007,0.03082529510539627,0.09529172413615193,0.2849826803469034,0.21151635112471753,-0.047905393546078756,-0.023198000929035126,-0.08756734310765178,0.0712401465943437,0.06431823118893494,-0.03506156882722661
2019-02-26,-0.005356091746006519,0.1389316425841403,0.011794676376155189,0.6965762725291589,0.11692259600761754,0.0905629705587498,-0.6686501355902488,-0.046180049759882894,0.24794121757330204,0.8959402160814813,0.0708026126725303,-0.2397600119288245,-0.3370085337783782,-0.36334608701323284,-0.07734621584172315,-0.33086767051913907,0.6872343222030243,0.10670173890364064,0.005106530687635272
2019-03-18,0.09041313853087078,-0.028005716412560246,-0.0032703370275537188,0.5157791524153724,-0.07183245211357937,0.028504670665518983,-0.1876934178264845,-0.16693070744438077,0.08898919490741763,-0.2218959785375813,0.08904146500841503,0.06441614683055864,0.138656218228351,0.04862438247854241,0.10611507368580946,-0.027977026853476424,0.38388226880137455,0.09721413872885791,0.055969785934527436
2019-04-07,-0.08496958821296753,0.06335761601573026,-0.02139666785494242,0.7787057187892489,-0.20015222282090137,0.06532462320689542,-0.40048588174301275,-0.2286780543205216,0.20553925163452202,-0.2562784142467813,0.008797311383365147,0.2439986072334726,0.07173242700957456,0.2409609020318635,0.22360653780319018,0.08232674177206381,0.0939037421566755,0.012006200333199686,0.10170114982932534
2019-04-27,-0.3071439766968311,-0.15865971403555232,0.47368147242043207,-0.006619577207714332,0.27141728708147267,-1.0828466993097698,-1.079925574170833,0.8428372247167663,0.2656435992369658,1.549578396017197,0.2650554167629153,1.7713217234291412,-0.42271680867377726,-0.27704398771644984,-0.252761482057776,-0.6180537949320724,0.48170050553875315,-0.286247508450678,-0.42921650195218936
2019-05-17,-0.020453374394598305,0.08628738895042302,-0.08389678638261146,0.34615272561165195,-0.2688930171261073,0.20158672470472677,0.36692404565497694,0.3630115617752117,0.794825119170854,-0.33074111723407706,-0.899728661596099,-0.055313040057073735,0.13659650649517982,-0.2428310051410651,0.4253870347236658,-0.024743194485334033,0.9439356956714178,-0.31016956404325874,-0.4279370422978829
2019-06-06,0.20143045719701053,-0.11750172912720959,0.25387794106960093,0.35561283343226224,0.132402095649613,-0.07457216819247768,-0.0877515963958817,-0.03963352100333344,0.5330534927643199,-0.14512148053299345,0.21217076202482485,0.2759099171417797,-0.053132529720487494,0.10588121224490112,-0.5253794471483049,0.016945424255608747,-0.03719889058019689,0.2313049747085337,-0.23829774778756985
2019-06-26,0.04633418638035152,0.11821334752244674,0.1972418687483215,-0.0028342276318245496,-0.02707724002176264,0.13346501688323875,-0.2128132663237308,0.045887150529947754,0.22613807109146886,-0.43101218628989363,0.05379585642238049,0.21998930823581317,0.17642410731593108,-0.4134235735868313,0.23403512147254465,0.03647225991677757,0.20209245960347116,0.12740397328189026,0.2696677664494593
2019-07-16,0.12335678557914825,0.156867963007266,-0.14646233248073554,0.13705851479273282,0.014913693940531712,-0.12978462500123117,0.3567898747095261,0.06430951724079849,0.2839192064703531,-0.31664360762296484,0.10659327225002582,-0.0033376875893732674,0.00810297462544873,-0.013159096766979347,0.004731010776521357,-0.14193236704789058,0.2862267957462228,0.15758260508244418,0.05086750228815544
2019-08-05,2.7161173937286347,1.1508240997969403,-2.328747193266634,-0.3155058645682833,-1.7587759363274973,-0.21966163344493259,-0.7930447518311334,-1.1393333796613505,-1.165910116549892,2.603999661349043,1.4396736922236089,1.1533013042032971,-1.806250153308202,-1.3045943984832857,-1.9124107248066797,-0.1413277408615127,2.119214688773998,2.6251098621058544,0.07732119092802636
2019-08-25,-0.022653962362543256,-0.004516724895478284,0.1606444889956904,0.15319460094650517,0.29363897451480797,0.08816642611247671,-0.3136802454896382,0.12650388004788285,0.2323398208609629,-0.2726560362298241,0.3651250237302723,-0.09327791682374935,-0.2757877361463619,-0.45728399778138157,0.21500403366495244,0.9546025930608436,-0.19178853743681695,0.16007175484803085,-0.11764643961663168
2019-09-14,0.3653033350514968,-0.020833270162179913,0.06593236113518473,0.03521704395151729,0.046520361378788885,0.16105858827738415,-0.3389677746987479,0.10985165769983658,0.18973658427306558,0.0008331588310620023,-0.11364596055729105,0.02945990340149534,-0.19156544555401078,0.3082170517682327,-0.11744471380518981,0.5148601527543258,0.16752681571619,0.16509956283031144,-0.37715941229147193
2019-10-04,0.05295466589724443,0.010079304477912132,0.2393107407133987,0.19907182580342658,-0.08678817776111919,0.03116516231859573,-0.29245077992339374,-0.0978062813982465,-0.04392171204956983,0.19064123197162808,0.001343441051359991,0.13527603479768424,-0.30100682133125245,0.12823576388868385,0.15197931308466323,-0.11694465457292208,0.07009436039799831,-0.07756316331365808,0.8063297459475667
2019-10-24,-1.0802546482402235,-1.6620434425412147,6.383567063565611,-7.16618051233973,0.20185483685603733,-0.2534909494074066,-2.6955838057980066,-1.2602227537888406,3.7236604797855595,-0.7026266870601068,0.9989230303506591,-0.4171042678629268,2.1088538272461683,0.3062360154953024,-2.4511911519589025,-3.6126108160619763,-1.6604146555156818,-0.9916733753953699,11.230301812671048
2019-11-13,-17.277307100010454,22.08649421679481,-13.628812890678343,-20.138296310001756,-53.662713262985974,-26.14273175101168,14.248490151176718,22.75193113008728,-11.288666264142618,-0.40147661598910267,16.653271459019308,6.583033191270009,-24.36449424251787,35.15054766831671,-41.80946099850474,-19.144171407707113,61.96196657118499,-23.944379605495563,73.36677606119538
2019-12-03,-0.06911758522122188,0.13643391186993767,0.5334873499775994,0.015668065921361673,0.060537012058823794,-0.010264685130191908,0.12833180538803235,0.06654723751365478,0.038412593549675404,0.19222243208212267,0.18264603155344117,-0.18319814599570594,-0.11175527898168987,-0.028788688277354552,-0.17068471621148387,0.13108338283151497,-0.15910835096073878,-0.062064916635513216,0.3096125446677362
2019-12-23,0.04579153509678661,-0.3913907259800204,-0.24663081129202052,-0.11660428478614887,0.07947065314827555,-0.1028083205361614,0.13174107474598895,0.40700649698399427,0.1618698119485029,-0.17902086304072723,-0.1913588515620757,-0.3601682431673809,0.19202042389874496,-0.15815387954642687,0.08053545334260011,-0.10173940751014755,-0.14902680098337237,0.17011282692555824,1.72835391231403
2020-01-12,-0.42250273948684586,-0.8746893852877493,0.3118767936444262,0.2293663321909238,0.27015063097634606,0.31364047153844693,-0.1952506991747385,-0.9377944329121487,0.3585083335270969,0.34152457638420725,0.49638082567798414,-0.06690164391723173,0.11859324938838535,0.7383508391981404,0.11236956526039847,0.18765722441394656,0.6676002851824673,-0.3319730785665721,-0.316907148037483
2020-02-01,0.19840543111200995,0.2828235994884546,0.08652474834966874,0.3296594205444395,-0.04133056741451363,0.07529410468372344,0.2866170106673234,-0.18557419014740503,-0.19556545523648836,0.028422431559850758,-0.08927318181608467,0.03533857000908941,0.2624249794101334,-0.011143748113308654,-0.503429552775737,-0.36110345792294773,0.10635806519265609,0.4015077728782699,0.29404401953086584
2020-02-21,-0.15385085872527185,-0.3346533142187601,0.03546293458723564,0.15237405863888268,-0.14959315798181178,0.4559434812104614,-0.07287943892520603,-0.3141092808790324,0.2012310859392202,0.1959280364144358,0.049007869008034693,0.3883204024095303,-0.15563087549899648,0.02990909700556549,0.794010164391447,-0.1025193990628875,-0.05742777971331476,-0.03811740739933631,0.07659438279980399
2020-03-12,0.3256937948057283,-2.4867790364689406,0.31141748876548453,0.0072686964259556135,-0.48739880328973206,0.6811665034639379,0.1941975401496337,-2.3624333421226815,-0.47442378045196254,0.6672464865501463,0.3113007654796452,2.079977553109134,-0.05072582362393149,-0.22475712665946695,0.9825769232497744,-0.2305753562044905,2.054217129749913,-1.0117151188122406,0.7137455058840935
2020-04-01,-1.0051524493436885,-0.6659084036529236,0.08598012384057599,0.0030558647338900058,0.13899958666112247,-0.19622105619863334,-0.47134585161389986,-0.2656198603072825,1.322627416116962,-0.3476794097703324,-0.18727552178540025,0.24887377872117444,0.38446174930468985,-0.15461129835761123,-0.0010128991692929324,-0.12192186478269088,-0.5342696364534509,0.320156862756137,2.446862869300654
2020-04-21,-0.3302712686054929,-0.13874166937769045,-0.11565104262531735,0.515521861288561,0.7931950156182501,-0.33086874230922875,0.2000291431542821,0.44734382114532356,0.39830260506632437,-0.11621869740068039,-0.05701233343387133,-0.4069027090385055,-1.1077658979457197,0.15746770258706075,1.3682216571039598,-0.3024832088920422,0.21612267636586757,0.15933530470916196,-0.34962421741024274
2020-05-11,0.15504220676283156,0.3683614547319122,0.5008541408190442,0.10473612418666331,-0.4629437778059886,0.045554634436979886,0.31204150248397716,-0.033843029400993416,0.4162102515142786,0.1416890484937873,0.16941011202751824,-0.0871122737845825,-0.2907227895445865,-0.0897209789875676,0.2841676966518157,0.5285832874258346,0.023133151814552503,0.4011371320260454,-1.4865778938515226
2020-05-31,-0.31482312480400293,0.20175867288412822,0.16384474917367087,0.2959131098835244,0.0931126712019721,0.29327222161471456,0.019625368613303176,-0.05814052461236603,-0.3313718752262241,0.3545521040142746,0.5310471803108907,0.012454058663177786,-0.5115446609050731,0.6561125809488442,0.21132561778535455,-0.48527506322030106,-0.03779613533931153,0.26687522936590014,-0.36094218035247616
2020-06-20,0.16468401730578508,0.20533103435588668,0.4573440869451181,0.07596090489865308,0.12636805945192645,-0.5803904139546784,-0.1743058795804995,0.4242836795903318,0.4930026938903265,0.27472395836029057,0.19752543848639076,0.0837143344918293,-0.12849997578200684,-0.08534025281805062,0.30052975529592424,0.13818317132473074,0.01657380989832809,0.352105958103444,-1.34179438026373
2020-07-10,0.18288943861646512,-0.09300002594191385,-0.2712793980821965,-0.003059053045189596,0.04164789300565479,-0.04983479383997608,0.06964636007489941,-0.07695652631719731,-0.15180117691875408,-0.2222030324459894,-0.12984761606567613,-0.2733289430796126,0.10205616075374986,-0.014035128686464015,0.2897820371697645,0.35240666473090804,-0.057960521730952126,0.13961645838321787,1.165261203419262
2020-07-30,0.42174092263494056,0.23121545700900928,-0.8642071875621832,0.20952838594033257,0.4064047953965627,0.8300093797279994,-0.978093330452171,0.2754079453069539,1.2564685214908795,-1.7017168145647454,0.8767502299672606,0.8029939204561921,-0.2995557029103679,0.19710270463053295,-1.6059121034525794,-0.32767525866492525,0.681420155331926,0.17852239431226224,0.4095955854021206
2020-08-19,-0.02860607634440718,0.047054879470646085,-0.07436775313378124,0.13798475697223758,0.029133458358443186,0.1893384596500311,-0.009972222570662595,-0.0031133304221124913,1.586595715993718,-0.12674608300110984,0.22865682038999077,0.10545596733828291,-0.28039503937438215,0.07519497963482541,-0.5504755119529301,-0.3565078186310048,0.1406259353603166,-0.179967675466404,0.07011053772830264
2020-09-08,-0.13057467117874208,0.0712910842598412,0.04440151883676952,0.04471343264741756,-0.09487199661974106,0.1043361552428926,-0.0335585250549415,0.00827695486125965,0.3763783129701251,0.09273978882161055,-0.06123009502491367,0.012270513577268646,-0.14040336948134693,0.013326375124003333,-0.06198938878731027,0.3872776766583652,0.1069632295215491,0.18781366461182503,0.07283933901406808
2020-09-28,0.6857511324393194,0.09186261250778924,-0.30429558891396563,0.15136435105072144,-0.026683283970780423,0.09368376281382274,0.2898205145785194,0.030511342473860822,-0.11726435005593505,0.04865028618551967,0.16194513571017757,0.23512097367971935,-0.3197453830568841,-0.38702005371268966,0.10271238463645432,0.1613488797507223,0.0021462274115819917,-0.16069104019100558,0.26078209666305224
2020-10-18,0.23195299148357898,-0.05478601054555098,0.13157684009606987,0.16077749656763532,0.08411541814055605,0.13014764084691788,0.14445637127925065,0.032862638648716004,0.5403835876727772,0.09740919475341869,0.07795874699280943,-0.11543269824906131,-0.24707423013445587,-0.6574642431754232,-0.1635267070467266,0.33968907740684506,0.125740801848142,-0.02678185860141121,0.16799494201591236
2020-11-07,-0.01134925476531624,0.10654671303564557,0.5342641309945481,0.08719186451005483,0.02107045769270324,0.09676138322376401,0.020218916179207427,-0.10145236065945126,0.34988623319906875,-0.013587668777124,0.02773561689236389,0.04170259385847277,-0.12178100022588056,0.028183975264163552,-0.04994221626264565,-0.11178809848208611,-0.030050738111744368,0.1592689396952092,-0.0328794872609531
2020-11-27,0.35213071893784886,0.02512599032504379,-0.5591870608014105,0.07487735131512485,0.025357190839383977,0.029238803885004248,0.16928962227716438,-0.004242410879746389,-0.1733190724890235,-0.2640255051669976,-0.36290532297724126,0.4217868764107899,-0.2016633226875347,0.18118575071793258,0.35863212356377433,0.28346653139948813,0.11287485569541383,0.35798493801703013,0.17339194161795476
2020-12-17,0.04535004021771837,0.03274731918565733,0.01978960932639816,0.0928241831484721,-0.05821104310339917,-0.05367738845044361,-0.01324489815523773,0.15169792587835518,0.179710140561482,0.2730046223385496,-0.10544007678887184,0.04051174186932014,0.06426279264800769,0.1412346700821186,-0.15582299933678725,0.18919000850546736,-0.015744334483679234,-0.10071407518320306,0.2725317617400755
2021-01-06,0.26077771383612197,0.007997379241339099,-0.23242097660477576,0.10613959099264318,-0.03837337391651017,0.10518042374171893,0.007173674877049031,-0.05936464516607953,0.06565075371151606,0.06522717704264916,-0.13012776794675038,-0.15714080685576667,-0.027176664221830182,0.19575274152666367,-0.11395250259463857,0.1531880571075115,0.33935936705514413,0.052341167799417054,0.39976869037457763
2021-01-26,1.3228250284699572,0.659590118653179,0.2124692449400492,-0.1779636027591652,-0.03768211996003621,0.6759593637575257,0.38203370871138415,0.7272761962175206,0.5352450688903119,0.9049418057195473,-1.1436254652182567,-1.6028535722399226,-1.4361634935659928,-0.4043392720799904,-1.639405339843061,-0.631087097683112,0.5491939788919897,0.18155616066415456,1.9220292884339192
2021-02-15,0.016689686656420837,0.01042011913003899,0.17760124467715116,0.23900297195117573,-0.024807007801442696,0.016387452167912406,0.25050680923602303,-0.011744624267863211,0.11200716421568659,-0.05581843782908363,-0.07711383472403455,-0.19016698381116132,-0.0046226795160213075,0.1606375344225036,0.09140003933223062,0.1027472731355189,-0.015039090364625005,-0.04199017913764257,0.24390254252721233
2021-03-07,-0.2630927188069722,0.13240342009542075,-0.07866182097721296,0.00867948274333462,0.11963318354452517,0.19520383150124349,0.07905858396254754,-0.01993055741932857,0.03302502434660418,-0.3773097532540968,0.09753826597383347,0.1571121215259062,-0.07323191371841298,0.1544975920119942,-0.1301490032133049,-0.2043359043326463,0.24436921721600682,0.06720514011039594,0.8579858086901625
2021-03-27,0.156884063846193,0.07829538870487038,0.025197959788860854,0.08319915442727362,-0.00925984214631297,0.22591497554126694,0.12201377813186128,0.09483610718789182,0.22424998450587144,-0.06361038611866263,-0.04665539141871211,-0.21958703586194395,0.023979889697197897,0.2033516288388672,0.09446785201158202,0.09003167433065722,0.004600750743866258,-0.19686054033750822,0.10894998812688014
2021-04-16,0.1583412441697986,0.006011625241967901,0.14329524533266025,0.039150930342179306,0.04461852708470662,0.11369627762350795,0.017174657220778603,0.046863715021190314,0.18671604624528004,0.004088021286332352,0.007754569015715849,-0.3536552556181552,0.03595639793178673,0.08960550721223616,0.04990694521956206,-0.08225086824181746,0.029518715691359266,0.12934487522442434,0.3338628239964863
2021-05-06,-0.02652257871312685,0.010579343673344958,0.08872416931769345,0.08961852736866215,-0.035178934546874256,0.012890995638523233,0.014933842190464716,-0.016230073690455232,0.06915198782820994,0.0061452350555969365,0.07248833541851232,-0.12258647549201886,-0.02699408813018804,0.0325569599029529,0.11702511901085673,-0.3244725930835026,0.046082808646770924,0.13257593491287978,0.8592114846916977
2021-05-26,0.4358689650899419,-0.009508157165819778,0.2240714530750618,0.03500668549246592,-0.0901927969913735,0.24008212106758933,-0.14726852976322813,0.040048045611097365,0.20273075322405104,0.21981560178379567,0.19685535013069397,0.32486237016852687,-0.07928363467322308,-0.3791809968224959,0.18370957114266545,-0.01101129053154638,-0.041321537376894694,-0.061112154490339535,-0.28417181897096816
2021-06-15,-0.07036772745995146,0.0412306749491368,0.580602744982532,0.14923312016994994,-0.17044480827268801,0.2220257221487264,0.3936514974664509,-0.028897703273476207,0.026635893682378172,-0.05302214005389378,-0.06283561957982421,0.016545937141732574,-0.20117872967762312,-0.09350913866623976,0.11490058005392056,-0.4317703191687364,-0.07447821663124553,-0.16779522759311846,0.8094734597819698
2021-07-05,0.09662905469953477,0.18956785698351133,-0.0910771446975871,0.17688070749719886,0.3565622665273117,0.22218962911514498,0.7812317304035858,-0.06933491252347133,-0.004064315835789708,1.167908976744544,0.4588663769313678,0.9646069980632962,0.38214882104715026,-3.249558010895256,-0.06874988805274972,0.3077920053059937,-0.0923141215055635,-0.47578057347260727,-0.053505456335614175
2021-07-25,0.0072157958794197745,-0.044524164201736424,-0.13648386260758777,0.3571446130198203,0.07382479752330455,0.06581954029624758,0.1404254175902101,-0.15376610053470566,0.1218102677924896,-0.15600839203991665,0.00023849929622385665,0.2615013872624703,-0.06853837603031045,-0.00912594406818778,-0.011552876012409407,-0.11434303381771523,0.4164821372977169,0.254136070748621,-0.004255777393954536
2021-08-14,0.5950802092149425,-0.03522824143128077,0.21572129162629364,-0.062034762529145415,0.16436698002251018,0.16995165467535733,-0.1599119805523556,0.001747369562307901,0.5207928474871669,0.2227877504875226,0.3985383513841903,-0.3769766983341435,-0.07919101645349173,0.19706894104797834,0.1299360262381286,-0.10401189972174278,0.03480996427378689,-0.6302288513331467,-0.20321793566487853
2021-09-03,0.07396577978926862,0.02917802143365688,0.24848218406365355,-0.07278039506845217,0.11508447919277319,0.003503669556112755,0.01461844412190356,0.0889794780149145,0.5952981836649849,-0.11439922501397651,0.019227138037727295,0.04022919161676454,0.057055449127810236,0.07491390747245423,-0.09777966448613128,0.20936064807665328,-0.4149425099331953,-0.593180447561578,0.723185667894656
2021-09-23,0.15144648228873334,0.005482146246059567,0.10099336812849247,-0.011634438600535,0.08909913742478974,0.09722084207928483,0.06783871402107904,-0.031482539100478636,0.2513221541568135,0.07017074646714831,0.021015099051364238,-0.117824320924415,0.03535113958070077,0.046219862674972564,0.06491012014768735,0.03961688766120968,-0.0009557659846340733,0.26120823135612437,-0.13999786667439723
