date,SZ
2010/1/4,-1.0185
2010/1/5,1.1844
2010/1/6,-0.852
2010/1/7,-1.888
2010/1/8,0.1009
2010/1/11,0.5242
2010/1/12,1.9054
2010/1/13,-3.0944
2010/1/14,1.3519
2010/1/15,0.2675
2010/1/18,0.4015
2010/1/19,0.302
2010/1/20,-2.9266
2010/1/21,0.2225
2010/1/22,-0.9584
2010/1/25,-1.0924
2010/1/26,-2.4243
2010/1/27,-1.0859
2010/1/28,0.2523
2010/1/29,-0.162
2010/2/1,-1.6035
2010/2/2,-0.226
2010/2/3,2.3553
2010/2/4,-0.2839
2010/2/5,-1.8665
2010/2/8,-0.1438
2010/2/9,0.4657
2010/2/10,1.1414
2010/2/11,0.1006
2010/2/12,1.0931
2010/2/22,-0.4882
2010/2/23,-0.6933
2010/2/24,1.3278
2010/2/25,1.272
2010/2/26,-0.2834
2010/3/1,1.1763
2010/3/2,-0.4772
2010/3/3,0.7776
2010/3/4,-2.3775
2010/3/5,0.2544
2010/3/8,0.7313
2010/3/9,0.5211
2010/3/10,-0.6586
2010/3/11,0.0772
2010/3/12,-1.2411
2010/3/15,-1.2104
2010/3/16,0.5342
2010/3/17,1.9259
2010/3/18,-0.1439
2010/3/19,0.7111
2010/3/22,0.2225
2010/3/23,-0.6977
2010/3/24,0.1206
2010/3/25,-1.2311
2010/3/26,1.3427
2010/3/29,2.0944
2010/3/30,0.1495
2010/3/31,-0.6189
2010/4/1,1.2322
2010/4/2,0.3349
2010/4/6,0.0229
2010/4/7,-0.3311
2010/4/8,-0.9374
2010/4/9,0.8541
2010/4/12,-0.5114
2010/4/13,1.0222
2010/4/14,0.156
2010/4/15,-0.0384
2010/4/16,-1.0952
2010/4/19,-4.792
2010/4/20,-0.0256
2010/4/21,1.8038
2010/4/22,-1.1141
2010/4/23,-0.5317
2010/4/26,-0.4704
2010/4/27,-2.0736
2010/4/28,-0.2613
2010/4/29,-1.0998
2010/4/30,0.076
2010/5/4,-1.2309
2010/5/5,0.7715
2010/5/6,-4.1107
2010/5/7,-1.8732
2010/5/10,0.3859
2010/5/11,-1.8965
2010/5/12,0.3075
2010/5/13,2.0632
2010/5/14,-0.512
2010/5/17,-5.0692
2010/5/18,1.3614
2010/5/19,-0.2688
2010/5/20,-1.2314
2010/5/21,1.0791
2010/5/24,3.4798
2010/5/25,-1.8999
2010/5/26,0.1206
2010/5/27,1.1473
2010/5/28,-0.0057
2010/5/31,-2.3955
2010/6/1,-0.9206
2010/6/2,0.1223
2010/6/3,-0.7298
2010/6/4,0.0367
2010/6/7,-1.6394
2010/6/8,0.0883
2010/6/9,2.7814
2010/6/10,-0.824
2010/6/11,0.2873
2010/6/17,-0.3773
2010/6/18,-1.8367
2010/6/21,2.9042
2010/6/22,0.0962
2010/6/23,-0.7272
2010/6/24,-0.1217
2010/6/25,-0.5426
2010/6/28,-0.687
2010/6/29,-4.2688
2010/6/30,-1.1818
2010/7/1,-1.0248
2010/7/2,0.3837
2010/7/5,-0.7954
2010/7/6,1.9238
2010/7/7,0.4853
2010/7/8,-0.2465
2010/7/9,2.3093
2010/7/12,0.8011
2010/7/13,-1.6233
2010/7/14,0.8225
2010/7/15,-1.8675
2010/7/16,-0.0014
2010/7/19,2.1099
2010/7/20,2.1535
2010/7/21,0.2635
2010/7/22,1.0654
2010/7/23,0.3755
2010/7/26,0.6475
2010/7/27,-0.5144
2010/7/28,2.2636
2010/7/29,0.5488
2010/7/30,-0.4008
2010/8/2,1.3275
2010/8/3,-1.703
2010/8/4,0.4385
2010/8/5,-0.6733
2010/8/6,1.436
2010/8/9,0.5319
2010/8/10,-2.8909
2010/8/11,0.471
2010/8/12,-1.2281
2010/8/13,1.2124
2010/8/16,2.1103
2010/8/17,0.3826
2010/8/18,-0.2093
2010/8/19,0.813
2010/8/20,-1.6991
2010/8/23,-0.1113
2010/8/24,0.4145
2010/8/25,-2.0272
2010/8/26,0.2658
2010/8/27,0.2789
2010/8/30,1.6058
2010/8/31,-0.5227
2010/9/1,-0.6032
2010/9/2,1.2541
2010/9/3,-0.0144
2010/9/6,1.5386
2010/9/7,0.0784
2010/9/8,-0.1138
2010/9/9,-1.4447
2010/9/10,0.2581
2010/9/13,0.9429
2010/9/14,0.0075
2010/9/15,-1.3397
2010/9/16,-1.8864
2010/9/17,-0.1451
2010/9/20,-0.3839
2010/9/21,0.1096
2010/9/27,1.4052
2010/9/28,-0.6322
2010/9/29,-0.0259
2010/9/30,1.7229
2010/10/8,3.1286
2010/10/11,2.4901
2010/10/12,1.2278
2010/10/13,0.7023
2010/10/14,0.6387
2010/10/15,3.1783
2010/10/18,-0.5363
2010/10/19,1.5777
2010/10/20,0.0699
2010/10/21,-0.6797
2010/10/22,-0.2846
2010/10/25,2.5672
2010/10/26,-0.3237
2010/10/27,-1.4629
2010/10/28,-0.1491
2010/10/29,-0.4593
2010/11/1,2.524
2010/11/2,-0.2812
2010/11/3,-0.4743
2010/11/4,1.846
2010/11/5,1.3786
2010/11/8,0.9591
2010/11/9,-0.7758
2010/11/10,-0.6266
2010/11/11,1.0396
2010/11/12,-5.1564
2010/11/15,0.9706
2010/11/16,-3.9767
2010/11/17,-1.9237
2010/11/18,0.9368
2010/11/19,0.8066
2010/11/22,-0.1452
2010/11/23,-1.9446
2010/11/24,1.1192
2010/11/25,1.3401
2010/11/26,-0.9165
2010/11/29,-0.186
2010/11/30,-1.6109
2010/12/1,0.1159
2010/12/2,0.7139
2010/12/3,-0.0414
2010/12/6,0.5188
2010/12/7,0.6539
2010/12/8,-0.9498
2010/12/9,-1.3199
2010/12/10,1.0705
2010/12/13,2.8832
2010/12/14,0.1411
2010/12/15,-0.5351
2010/12/16,-0.456
2010/12/17,-0.1518
2010/12/20,-1.4108
2010/12/21,1.7946
2010/12/22,-0.9027
2010/12/23,-0.7881
2010/12/24,-0.7027
2010/12/27,-1.896
2010/12/28,-1.7406
2010/12/29,0.6783
2010/12/30,0.2925
2010/12/31,1.7576
2011/1/4,1.5872
2011/1/5,-0.4927
2011/1/6,-0.5072
2011/1/7,0.5171
2011/1/10,-1.6553
2011/1/11,0.4384
2011/1/12,0.6155
2011/1/13,0.2271
2011/1/14,-1.2862
2011/1/17,-3.0338
2011/1/18,0.0857
2011/1/19,1.8132
2011/1/20,-2.9167
2011/1/21,1.4058
2011/1/24,-0.7209
2011/1/25,-0.6784
2011/1/26,1.1721
2011/1/27,1.4891
2011/1/28,0.1309
2011/1/31,1.3784
2011/2/1,0.2962
2011/2/9,-0.8894
2011/2/10,1.5897
2011/2/11,0.3252
2011/2/14,2.5397
2011/2/15,0.0036
2011/2/16,0.8505
2011/2/17,0.1049
2011/2/18,-0.9283
2011/2/21,1.1192
2011/2/22,-2.6168
2011/2/23,0.2493
2011/2/24,0.5578
2011/2/25,-0.0013
2011/2/28,0.9202
2011/3/1,0.4773
2011/3/2,-0.1751
2011/3/3,-0.3717
2011/3/4,1.3547
2011/3/7,1.8321
2011/3/8,0.1245
2011/3/9,0.0737
2011/3/10,-1.4993
2011/3/11,-0.7895
2011/3/14,0.1306
2011/3/15,-1.4083
2011/3/16,1.1929
2011/3/17,-1.1432
2011/3/18,0.3309
2011/3/21,0.0774
2011/3/22,0.3439
2011/3/23,1.0049
2011/3/24,-0.0601
2011/3/25,1.0557
2011/3/28,0.2079
2011/3/29,-0.8689
2011/3/30,-0.078
2011/3/31,-0.9358
2011/4/1,1.3421
2011/4/6,1.1441
2011/4/7,0.2182
2011/4/8,0.7351
2011/4/11,-0.2401
2011/4/12,-0.0456
2011/4/13,0.9608
2011/4/14,-0.2545
2011/4/15,0.2593
2011/4/18,0.223
2011/4/19,-1.9065
2011/4/20,0.2666
2011/4/21,0.6528
2011/4/22,-0.5336
2011/4/25,-1.5136
2011/4/26,-0.8759
2011/4/27,-0.4618
2011/4/28,-1.3114
2011/4/29,0.8475
2011/5/3,0.7102
2011/5/4,-2.2567
2011/5/5,0.2229
2011/5/6,-0.2965
2011/5/9,0.2994
2011/5/10,0.6327
2011/5/11,-0.2496
2011/5/12,-1.3642
2011/5/13,0.9475
2011/5/16,-0.765
2011/5/17,0.1301
2011/5/18,0.701
2011/5/19,-0.4594
2011/5/20,-0.039
2011/5/23,-2.9348
2011/5/24,-0.2708
2011/5/25,-0.9149
2011/5/26,-0.1902
2011/5/27,-0.9713
2011/5/30,-0.1323
2011/5/31,1.3713
2011/6/1,0.0036
2011/6/2,-1.3993
2011/6/3,0.8443
2011/6/7,0.5968
2011/6/8,0.2182
2011/6/9,-1.7068
2011/6/10,0.0665
2011/6/13,-0.1761
2011/6/14,1.0984
2011/6/15,-0.9014
2011/6/16,-1.5209
2011/6/17,-0.8057
2011/6/20,-0.816
2011/6/21,0.9625
2011/6/22,0.1072
2011/6/23,1.4694
2011/6/24,2.1561
2011/6/27,0.4377
2011/6/28,0.0352
2011/6/29,-1.1133
2011/6/30,1.2312
2011/7/1,-0.0983
2011/7/4,1.9373
2011/7/5,0.1257
2011/7/6,-0.2086
2011/7/7,-0.5768
2011/7/8,0.1255
2011/7/11,0.1758
2011/7/12,-1.7166
2011/7/13,1.4846
2011/7/14,0.5354
2011/7/15,0.346
2011/7/18,-0.1234
2011/7/19,-0.6996
2011/7/20,-0.0993
2011/7/21,-1.0132
2011/7/22,0.177
2011/7/25,-2.961
2011/7/26,0.5311
2011/7/27,0.7572
2011/7/28,-0.5403
2011/7/29,-0.2602
2011/8/1,0.076
2011/8/2,-0.907
2011/8/3,-0.0289
2011/8/4,0.2074
2011/8/5,-2.1466
2011/8/8,-3.7925
2011/8/9,-0.0295
2011/8/10,0.9147
2011/8/11,1.2683
2011/8/12,0.4519
2011/8/15,1.2956
2011/8/16,-0.7082
2011/8/17,-0.2647
2011/8/18,-1.6065
2011/8/19,-0.9812
2011/8/22,-0.7298
2011/8/23,1.5166
2011/8/24,-0.5062
2011/8/25,2.9188
2011/8/26,-0.1175
2011/8/29,-1.3695
2011/8/30,-0.3811
2011/8/31,0.029
2011/9/1,-0.4401
2011/9/2,-1.0861
2011/9/5,-1.9595
2011/9/6,-0.3314
2011/9/7,1.8444
2011/9/8,-0.6815
2011/9/9,-0.0476
2011/9/13,-1.0589
2011/9/14,0.5472
2011/9/15,-0.2323
2011/9/16,0.1326
2011/9/19,-1.7946
2011/9/20,0.4086
2011/9/21,2.664
2011/9/22,-2.7818
2011/9/23,-0.4051
2011/9/26,-1.643
2011/9/27,0.9139
2011/9/28,-0.952
2011/9/29,-1.117
2011/9/30,-0.2589
2011/10/10,-0.6118
2011/10/11,0.159
2011/10/12,3.0438
2011/10/13,0.7764
2011/10/14,-0.304
2011/10/17,0.3713
2011/10/18,-2.3323
2011/10/19,-0.2506
2011/10/20,-1.9409
2011/10/21,-0.6044
2011/10/24,2.2897
2011/10/25,1.6596
2011/10/26,0.739
2011/10/27,0.3351
2011/10/28,1.5518
2011/10/31,-0.2086
2011/11/1,0.0717
2011/11/2,1.3801
2011/11/3,0.159
2011/11/4,0.8056
2011/11/7,-0.7315
2011/11/8,-0.2376
2011/11/9,0.842
2011/11/10,-1.7974
2011/11/11,0.0624
2011/11/14,1.9197
2011/11/15,0.0414
2011/11/16,-2.4825
2011/11/17,-0.1586
2011/11/18,-1.8873
2011/11/21,-0.0593
2011/11/22,-0.1037
2011/11/23,-0.7278
2011/11/24,0.1039
2011/11/25,-0.7228
2011/11/28,0.1181
2011/11/29,1.232
2011/11/30,-3.2739
2011/12/1,2.2905
2011/12/2,-1.0975
2011/12/5,-1.1622
2011/12/6,-0.3139
2011/12/7,0.2934
2011/12/8,-0.1247
2011/12/9,-0.6245
2011/12/12,-1.0247
2011/12/13,-1.8745
2011/12/14,-0.8923
2011/12/15,-2.1373
2011/12/16,2.015
2011/12/19,-0.2969
2011/12/20,-0.1039
2011/12/21,-1.1184
2011/12/22,-0.2214
2011/12/23,0.8456
2011/12/26,-0.6656
2011/12/27,-1.0915
2011/12/28,0.1758
2011/12/29,0.1635
2011/12/30,1.1896
2012/1/4,-1.3652
2012/1/5,-0.9652
2012/1/6,0.6955
2012/1/9,2.8887
2012/1/10,2.689
2012/1/11,-0.4243
2012/1/12,-0.0455
2012/1/13,-1.3376
2012/1/16,-1.7102
2012/1/17,4.1784
2012/1/18,-1.3919
2012/1/19,1.3101
2012/1/20,1.0036
2012/1/30,-1.4695
2012/1/31,0.3314
2012/2/1,-1.07
2012/2/2,1.961
2012/2/3,0.7718
2012/2/6,0.0314
2012/2/7,-1.683
2012/2/8,2.4272
2012/2/9,0.0877
2012/2/10,0.1018
2012/2/13,-0.0054
2012/2/14,-0.3012
2012/2/15,0.9353
2012/2/16,-0.4159
2012/2/17,0.0136
2012/2/20,0.2722
2012/2/21,0.7545
2012/2/22,0.9304
2012/2/23,0.2483
2012/2/24,1.2481
2012/2/27,0.3045
2012/2/28,0.1962
2012/2/29,-0.9532
2012/3/1,-0.0977
2012/3/2,1.4252
2012/3/5,-0.6377
2012/3/6,-1.4134
2012/3/7,-0.6493
2012/3/8,1.0641
2012/3/9,0.7927
2012/3/12,-0.1887
2012/3/13,0.8598
2012/3/14,-2.6291
2012/3/15,-0.73
2012/3/16,1.3043
2012/3/19,0.2266
2012/3/20,-1.3835
2012/3/21,0.0571
2012/3/22,-0.1019
2012/3/23,-1.1042
2012/3/26,0.0451
2012/3/27,-0.1455
2012/3/28,-2.6542
2012/3/29,-1.4321
2012/3/30,0.4719
2012/4/5,1.7436
2012/4/6,0.1873
2012/4/9,-0.9007
2012/4/10,0.8787
2012/4/11,0.1328
2012/4/12,1.8164
2012/4/13,0.3529
2012/4/16,-0.0905
2012/4/17,-0.9351
2012/4/18,1.9642
2012/4/19,-0.093
2012/4/20,1.1868
2012/4/23,-0.7593
2012/4/24,0.0103
2012/4/25,0.7526
2012/4/26,-0.0879
2012/4/27,-0.3485
2012/5/2,1.7577
2012/5/3,0.0674
2012/5/4,0.4891
2012/5/7,-0.0027
2012/5/8,-0.1249
2012/5/9,-1.6455
2012/5/10,0.0682
2012/5/11,-0.6326
2012/5/14,-0.5953
2012/5/15,-0.2471
2012/5/16,-1.2064
2012/5/17,1.3935
2012/5/18,-1.4446
2012/5/21,0.1612
2012/5/22,1.0649
2012/5/23,-0.4159
2012/5/24,-0.5274
2012/5/25,-0.741
2012/5/28,1.1919
2012/5/29,1.1971
2012/5/30,-0.2079
2012/5/31,-0.5214
2012/6/1,0.0507
2012/6/4,-2.7338
2012/6/5,0.1458
2012/6/6,-0.1021
2012/6/7,-0.7112
2012/6/8,-0.5095
2012/6/11,1.0699
2012/6/12,-0.6967
2012/6/13,1.2723
2012/6/14,-0.9909
2012/6/15,0.4749
2012/6/18,0.3989
2012/6/19,-0.6588
2012/6/20,-0.3441
2012/6/21,-1.3956
2012/6/25,-1.6261
2012/6/26,-0.092
2012/6/27,-0.231
2012/6/28,-0.9514
2012/6/29,1.3475
2012/7/2,0.0305
2012/7/3,0.1385
2012/7/4,-0.0842
2012/7/5,-1.1656
2012/7/6,1.0097
2012/7/9,-2.373
2012/7/10,-0.2938
2012/7/11,0.5057
2012/7/12,0.4647
2012/7/13,0.0185
2012/7/16,-1.7357
2012/7/17,0.616
2012/7/18,0.3661
2012/7/19,0.7257
2012/7/20,-0.7416
2012/7/23,-1.2559
2012/7/24,0.2422
2012/7/25,-0.4863
2012/7/26,-0.475
2012/7/27,0.1299
2012/7/30,-0.8855
2012/7/31,-0.2976
2012/8/1,0.9377
2012/8/2,-0.5735
2012/8/3,1.0238
2012/8/6,1.0371
2012/8/7,0.1255
2012/8/8,0.1562
2012/8/9,0.6068
2012/8/10,-0.2432
2012/8/13,-1.5094
2012/8/14,0.3018
2012/8/15,-1.1006
2012/8/16,-0.3185
2012/8/17,0.1275
2012/8/20,-0.3751
2012/8/21,0.5368
2012/8/22,-0.4984
2012/8/23,0.2544
2012/8/24,-0.9923
2012/8/27,-1.7397
2012/8/28,0.8487
2012/8/29,-0.9608
2012/8/30,-0.0317
2012/8/31,-0.2467
2012/9/3,0.5678
2012/9/4,-0.7526
2012/9/5,-0.292
2012/9/6,0.6987
2012/9/7,3.6962
2012/9/10,0.3351
2012/9/11,-0.6716
2012/9/12,0.2829
2012/9/13,-0.7606
2012/9/14,0.6382
2012/9/17,-2.1351
2012/9/18,-0.9121
2012/9/19,0.4024
2012/9/20,-2.0792
2012/9/21,0.0915
2012/9/24,0.3208
2012/9/25,-0.1918
2012/9/26,-1.2379
2012/9/27,2.6021
2012/9/28,1.4514
2012/10/8,-0.5632
2012/10/9,1.9673
2012/10/10,0.2228
2012/10/11,-0.8054
2012/10/12,0.0982
2012/10/15,-0.2959
2012/10/16,0.005
2012/10/17,0.3245
2012/10/18,1.2381
2012/10/19,-0.1588
2012/10/22,0.2094
2012/10/23,-0.8586
2012/10/24,0.073
2012/10/25,-0.681
2012/10/26,-1.6831
2012/10/29,-0.3517
2012/10/30,0.1653
2012/10/31,0.3168
2012/11/1,1.7182
2012/11/2,0.5996
2012/11/5,-0.1426
2012/11/6,-0.3797
2012/11/7,-0.0128
2012/11/8,-1.6251
2012/11/9,-0.1179
2012/11/12,0.4933
2012/11/13,-1.5094
2012/11/14,0.3677
2012/11/15,-1.2226
2012/11/16,-0.7666
2012/11/19,0.112
2012/11/20,-0.3996
2012/11/21,1.065
2012/11/22,-0.7244
2012/11/23,0.5841
2012/11/26,-0.4893
2012/11/27,-1.3036
2012/11/28,-0.886
2012/11/29,-0.5085
2012/11/30,0.8469
2012/12/3,-1.0277
2012/12/4,0.7846
2012/12/5,2.8739
2012/12/6,-0.1314
2012/12/7,1.604
2012/12/10,1.0663
2012/12/11,-0.4351
2012/12/12,0.3867
2012/12/13,-1.0203
2012/12/14,4.3245
2012/12/17,0.4518
2012/12/18,0.0982
2012/12/19,-0.0104
2012/12/20,0.2828
2012/12/21,-0.6938
2012/12/24,0.2667
2012/12/25,2.5269
2012/12/26,0.2494
2012/12/27,-0.5964
2012/12/28,1.2401
2012/12/31,1.6064
2013/1/4,0.3466
2013/1/7,0.3677
2013/1/8,-0.4067
2013/1/9,-0.0321
2013/1/10,0.3656
2013/1/11,-1.7805
2013/1/14,3.0648
2013/1/15,0.6031
2013/1/16,-0.6958
2013/1/17,-1.0647
2013/1/18,1.4075
2013/1/21,0.4813
2013/1/22,-0.5619
2013/1/23,0.2493
2013/1/24,-0.789
2013/1/25,-0.4905
2013/1/28,2.4092
2013/1/29,0.5315
2013/1/30,0.9961
2013/1/31,0.1237
2013/2/1,1.4085
2013/2/4,0.3776
2013/2/5,0.2049
2013/2/6,0.0554
2013/2/7,-0.655
2013/2/8,0.5736
2013/2/18,-0.4458
2013/2/19,-1.5958
2013/2/20,0.5986
2013/2/21,-2.9713
2013/2/22,-0.5068
2013/2/25,0.5036
2013/2/26,-1.3964
2013/2/27,0.8668
2013/2/28,2.2641
2013/3/1,-0.2573
2013/3/4,-3.6492
2013/3/5,2.327
2013/3/6,0.8973
2013/3/7,-0.975
2013/3/8,-0.2445
2013/3/11,-0.3458
2013/3/12,-1.0382
2013/3/13,-0.99
2013/3/14,0.2787
2013/3/15,0.3578
2013/3/18,-1.6847
2013/3/19,0.7776
2013/3/20,2.6552
2013/3/21,0.2964
2013/3/22,0.1736
2013/3/25,-0.0671
2013/3/26,-1.2484
2013/3/27,0.1562
2013/3/28,-2.8227
2013/3/29,0.0143
2013/4/1,-0.0995
2013/4/2,-0.2978
2013/4/3,-0.1098
2013/4/8,-0.6158
2013/4/9,0.6413
2013/4/10,0.0158
2013/4/11,-0.2953
2013/4/12,-0.5755
2013/4/15,-1.1255
2013/4/16,0.5914
2013/4/17,-0.0478
2013/4/18,0.1735
2013/4/19,2.1406
2013/4/22,-0.1102
2013/4/23,-2.5703
2013/4/24,1.5463
2013/4/25,-0.857
2013/4/26,-0.9728
2013/5/2,-0.174
2013/5/3,1.4431
2013/5/6,1.1639
2013/5/7,0.1976
2013/5/8,0.4797
2013/5/9,-0.5934
2013/5/10,0.6207
2013/5/13,-0.2186
2013/5/14,-1.1111
2013/5/15,0.3512
2013/5/16,1.214
2013/5/17,1.3795
2013/5/20,0.7498
2013/5/21,0.223
2013/5/22,-0.1176
2013/5/23,-1.1612
2013/5/24,0.5654
2013/5/27,0.1986
2013/5/28,1.2316
2013/5/29,0.1163
2013/5/30,-0.2697
2013/5/31,-0.7401
2013/6/3,-0.0584
2013/6/4,-1.1672
2013/6/5,-0.0653
2013/6/6,-1.2691
2013/6/7,-1.3921
2013/6/13,-2.8289
2013/6/14,0.637
2013/6/17,-0.2695
2013/6/18,0.1427
2013/6/19,-0.7334
2013/6/20,-2.7728
2013/6/21,-0.5243
2013/6/24,-5.2993
2013/6/25,-0.1898
2013/6/26,-0.4089
2013/6/27,-0.0759
2013/6/28,1.4971
2013/7/1,0.8102
2013/7/2,0.5672
2013/7/3,-0.6126
2013/7/4,0.5932
2013/7/5,0.0549
2013/7/8,-2.4375
2013/7/9,0.3667
2013/7/10,2.1711
2013/7/11,3.2301
2013/7/12,-1.6163
2013/7/15,0.9759
2013/7/16,0.3074
2013/7/17,-1.0068
2013/7/18,-1.0527
2013/7/19,-1.5196
2013/7/22,0.6079
2013/7/23,1.9511
2013/7/24,-0.516
2013/7/25,-0.5978
2013/7/26,-0.5108
2013/7/29,-1.7179
2013/7/30,0.6961
2013/7/31,0.1877
2013/8/1,1.7689
2013/8/2,0.0173
2013/8/5,1.0379
2013/8/6,0.4886
2013/8/7,-0.666
2013/8/8,-0.092
2013/8/9,0.3589
2013/8/12,2.39
2013/8/13,0.2319
2013/8/14,-0.2858
2013/8/15,-0.8693
2013/8/16,-0.645
2013/8/19,0.8291
2013/8/20,-0.6237
2013/8/21,0.0177
2013/8/22,-0.2816
2013/8/23,-0.4676
2013/8/26,1.8963
2013/8/27,0.3383
2013/8/28,-0.1077
2013/8/29,-0.1939
2013/8/30,0.0551
2013/9/2,0.0031
2013/9/3,1.1753
2013/9/4,0.2122
2013/9/5,-0.2438
2013/9/6,0.8275
2013/9/9,3.3889
2013/9/10,1.1511
2013/9/11,0.1467
2013/9/12,0.6397
2013/9/13,-0.8595
2013/9/16,-0.2154
2013/9/17,-2.0544
2013/9/18,0.2878
2013/9/23,1.3319
2013/9/24,-0.6084
2013/9/25,-0.4084
2013/9/26,-1.9425
2013/9/27,0.1957
2013/9/30,0.6777
2013/10/8,1.0822
2013/10/9,0.6173
2013/10/10,-0.9422
2013/10/11,1.6987
2013/10/14,0.4321
2013/10/15,-0.1949
2013/10/16,-1.8061
2013/10/17,-0.2067
2013/10/18,0.2393
2013/10/21,1.6163
2013/10/22,-0.8337
2013/10/23,-1.246
2013/10/24,-0.8605
2013/10/25,-1.4493
2013/10/28,0.0429
2013/10/29,-0.2346
2013/10/30,1.4843
2013/10/31,-0.8725
2013/11/1,0.3711
2013/11/4,0.0033
2013/11/5,0.3538
2013/11/6,-0.8174
2013/11/7,-0.4771
2013/11/8,-1.0929
2013/11/11,0.1588
2013/11/12,0.8202
2013/11/13,-1.8258
2013/11/14,0.6018
2013/11/15,1.6815
2013/11/18,2.8744
2013/11/19,-0.1863
2013/11/20,0.615
2013/11/21,-0.0384
2013/11/22,-0.4256
2013/11/25,-0.4673
2013/11/26,-0.1392
2013/11/27,0.8244
2013/11/28,0.8315
2013/11/29,0.051
2013/12/2,-0.5914
2013/12/3,0.6931
2013/12/4,1.3089
2013/12/5,-0.2087
2013/12/6,-0.443
2013/12/9,0.0488
2013/12/10,-0.0316
2013/12/11,-1.4894
2013/12/12,-0.0622
2013/12/13,-0.3051
2013/12/16,-1.6035
2013/12/17,-0.4527
2013/12/18,-0.1299
2013/12/19,-0.9539
2013/12/20,-2.0208
2013/12/23,0.2357
2013/12/24,0.153
2013/12/25,0.6426
2013/12/26,-1.5788
2013/12/27,1.358
2013/12/30,-0.1771
2013/12/31,0.8796
2014/1/2,-0.3115
2014/1/3,-1.2445
2014/1/6,-1.7967
2014/1/7,0.0786
2014/1/8,-0.1454
2014/1/9,-0.8178
2014/1/10,-0.7064
2014/1/13,-0.1855
2014/1/14,0.8598
2014/1/15,-0.1724
2014/1/16,0.0174
2014/1/17,-0.9266
2014/1/20,-0.6831
2014/1/21,0.8567
2014/1/22,2.1628
2014/1/23,-0.4664
2014/1/24,0.598
2014/1/27,-1.0267
2014/1/28,0.2564
2014/1/29,0.5593
2014/1/30,-0.8211
2014/2/7,0.5614
2014/2/10,2.0333
2014/2/11,0.8439
2014/2/12,0.2987
2014/2/13,-0.5476
2014/2/14,0.8314
2014/2/17,0.9248
2014/2/18,-0.7656
2014/2/19,1.1084
2014/2/20,-0.1761
2014/2/21,-1.1731
2014/2/24,-1.7508
2014/2/25,-2.0449
2014/2/26,0.3458
2014/2/27,0.2988
2014/2/28,0.4371
2014/3/3,0.9207
2014/3/4,-0.1813
2014/3/5,-0.8877
2014/3/6,0.3163
2014/3/7,-0.0811
2014/3/10,-2.8594
2014/3/11,0.1046
2014/3/12,-0.1731
2014/3/13,1.0722
2014/3/14,-0.7316
2014/3/17,0.9646
2014/3/18,0.0753
2014/3/19,-0.1709
2014/3/20,-1.3976
2014/3/21,2.7159
2014/3/24,0.9113
2014/3/25,0.0499
2014/3/26,-0.1761
2014/3/27,-0.8277
2014/3/28,-0.2383
2014/3/31,-0.4117
2014/4/1,0.6961
2014/4/2,0.563
2014/4/3,-0.7424
2014/4/4,0.7403
2014/4/8,1.9163
2014/4/9,0.3314
2014/4/10,1.3805
2014/4/11,-0.1761
2014/4/14,0.0468
2014/4/15,-1.4045
2014/4/16,0.1675
2014/4/17,-0.2963
2014/4/18,-0.0542
2014/4/21,-1.5217
2014/4/22,0.3391
2014/4/23,-0.2629
2014/4/24,-0.5006
2014/4/25,-0.9973
2014/4/28,-1.622
2014/4/29,0.8412
2014/4/30,0.2978
2014/5/5,0.0491
2014/5/6,0.0338
2014/5/7,-0.8853
2014/5/8,0.2582
2014/5/9,-0.2054
2014/5/12,2.0752
2014/5/13,-0.1044
2014/5/14,-0.1374
2014/5/15,-1.12
2014/5/16,0.0756
2014/5/19,-1.0521
2014/5/20,0.1464
2014/5/21,0.8382
2014/5/22,-0.181
2014/5/23,0.6572
2014/5/26,0.3395
2014/5/27,-0.3385
2014/5/28,0.7698
2014/5/29,-0.4699
2014/5/30,-0.0678
2014/6/3,-0.0445
2014/6/4,-0.6609
2014/6/5,0.7924
2014/6/6,-0.5352
2014/6/9,0.0269
2014/6/10,1.085
2014/6/11,0.1177
2014/6/12,-0.1574
2014/6/13,0.9262
2014/6/16,0.7373
2014/6/17,-0.9245
2014/6/18,-0.5409
2014/6/19,-1.5463
2014/6/20,0.1452
2014/6/23,-0.1139
2014/6/24,0.4725
2014/6/25,-0.4144
2014/6/26,0.6505
2014/6/27,-0.1063
2014/6/30,0.5803
2014/7/1,0.1003
2014/7/2,0.4407
2014/7/3,0.1851
2014/7/4,-0.1868
2014/7/7,0.0268
2014/7/8,0.1987
2014/7/9,-1.231
2014/7/10,-0.0132
2014/7/11,0.4228
2014/7/14,0.9617
2014/7/15,0.1796
2014/7/16,-0.1488
2014/7/17,-0.5652
2014/7/18,0.1691
2014/7/21,-0.2228
2014/7/22,1.0223
2014/7/23,0.1449
2014/7/24,1.2785
2014/7/25,1.0238
2014/7/28,2.4139
2014/7/29,0.2408
2014/7/30,-0.0893
2014/7/31,0.9315
2014/8/1,-0.7385
2014/8/4,1.7402
2014/8/5,-0.1523
2014/8/6,-0.1117
2014/8/7,-1.3437
2014/8/8,0.3088
2014/8/11,1.3775
2014/8/12,-0.1375
2014/8/13,0.0577
2014/8/14,-0.7383
2014/8/15,0.9186
2014/8/18,0.5718
2014/8/19,0.2618
2014/8/20,-0.228
2014/8/21,-0.4354
2014/8/22,0.4642
2014/8/25,-0.5149
2014/8/26,-0.9944
2014/8/27,0.1069
2014/8/28,-0.6177
2014/8/29,0.9738
2014/9/1,0.8259
2014/9/2,1.3659
2014/9/3,0.9965
2014/9/4,0.7968
2014/9/5,0.8483
2014/9/9,0.0041
2014/9/10,-0.3534
2014/9/11,-0.2858
2014/9/12,0.8769
2014/9/15,0.3083
2014/9/16,-1.8205
2014/9/17,0.4937
2014/9/18,0.3482
2014/9/19,0.5839
2014/9/22,-1.6993
2014/9/23,0.867
2014/9/24,1.4658
2014/9/25,0.0652
2014/9/26,0.1115
2014/9/29,0.4256
2014/9/30,0.2612
2014/10/8,0.8006
2014/10/9,0.276
2014/10/10,-0.6207
2014/10/13,-0.3593
2014/10/14,-0.2762
2014/10/15,0.6016
2014/10/16,-0.7234
2014/10/17,-0.6499
2014/10/20,0.6639
2014/10/21,-0.7244
2014/10/22,-0.5601
2014/10/23,-1.0374
2014/10/24,-0.006
2014/10/27,-0.5144
2014/10/28,2.071
2014/10/29,1.5039
2014/10/30,0.7605
2014/10/31,1.2171
2014/11/3,0.4072
2014/11/4,0.0265
2014/11/5,-0.47
2014/11/6,0.2732
2014/11/7,-0.3171
2014/11/10,2.2952
2014/11/11,-0.1617
2014/11/12,1.0043
2014/11/13,-0.3556
2014/11/14,-0.2729
2014/11/17,-0.1942
2014/11/18,-0.7131
2014/11/19,-0.219
2014/11/20,0.0683
2014/11/21,1.3916
2014/11/24,1.8533
2014/11/25,1.3707
2014/11/26,1.4312
2014/11/27,1.0037
2014/11/28,1.9901
2014/12/1,-0.0999
2014/12/2,3.1114
2014/12/3,0.5782
2014/12/4,4.3148
2014/12/5,1.3172
2014/12/8,2.8121
2014/12/9,-5.4296
2014/12/10,2.9317
2014/12/11,-0.4851
2014/12/12,0.4248
2014/12/15,0.519
2014/12/16,2.3057
2014/12/17,1.3074
2014/12/18,-0.1143
2014/12/19,1.6705
2014/12/22,0.6064
2014/12/23,-3.0323
2014/12/24,-1.9811
2014/12/25,3.3643
2014/12/26,2.7686
2014/12/29,0.3298
2014/12/30,-0.0695
2014/12/31,2.1752
2015/1/5,3.5813
2015/1/6,0.0277
2015/1/7,0.6716
2015/1/8,-2.3859
2015/1/9,-0.2442
2015/1/12,-1.7074
2015/1/13,0.1853
2015/1/14,-0.3976
2015/1/15,3.5383
2015/1/16,1.2001
2015/1/19,-7.7046
2015/1/20,1.8195
2015/1/21,4.7449
2015/1/22,0.5937
2015/1/23,0.2518
2015/1/26,0.9374
2015/1/27,-0.8933
2015/1/28,-1.4084
2015/1/29,-1.3139
2015/1/30,-1.5922
2015/2/2,-2.5562
2015/2/3,2.4488
2015/2/4,-0.9604
2015/2/5,-1.1844
2015/2/6,-1.9328
2015/2/9,0.6248
2015/2/10,1.5014
2015/2/11,0.5128
2015/2/12,0.4976
2015/2/13,0.9583
2015/2/16,0.5786
2015/2/17,0.7616
2015/2/25,-0.5563
2015/2/26,2.153
2015/2/27,0.3621
2015/3/2,0.7849
2015/3/3,-2.195
2015/3/4,0.5051
2015/3/5,-0.947
2015/3/6,-0.2244
2015/3/9,1.8888
2015/3/10,-0.4948
2015/3/11,0.147
2015/3/12,1.7753
2015/3/13,0.7043
2015/3/16,2.2649
2015/3/17,1.5523
2015/3/18,2.1255
2015/3/19,0.1389
2015/3/20,0.9783
2015/3/23,1.9465
2015/3/24,0.0998
2015/3/25,-0.8312
2015/3/26,0.5837
2015/3/27,0.2445
2015/3/30,2.5865
2015/3/31,-1.0212
2015/4/1,1.6648
2015/4/2,0.4065
2015/4/3,0.9971
2015/4/7,2.522
2015/4/8,0.844
2015/4/9,-0.9331
2015/4/10,1.94
2015/4/13,2.1665
2015/4/14,0.336
2015/4/15,-1.2429
2015/4/16,2.7095
2015/4/17,2.2045
2015/4/20,-1.6378
2015/4/21,1.8151
2015/4/22,2.4425
2015/4/23,0.3641
2015/4/24,-0.4717
2015/4/27,3.0432
2015/4/28,-1.1305
2015/4/29,0.009
2015/4/30,-0.7811
2015/5/4,0.8738
2015/5/5,-4.0567
2015/5/6,-1.6154
2015/5/7,-2.7677
2015/5/8,2.2787
2015/5/11,3.0354
2015/5/12,1.5607
2015/5/13,-0.5785
2015/5/14,0.0583
2015/5/15,-1.5901
2015/5/18,-0.5849
2015/5/19,3.1297
2015/5/20,0.6505
2015/5/21,1.8697
2015/5/22,2.8298
2015/5/25,3.3537
2015/5/26,2.0171
2015/5/27,0.6275
2015/5/28,-6.5048
2015/5/29,-0.1844
2015/6/1,4.7052
2015/6/2,1.6938
2015/6/3,-0.0112
2015/6/4,0.7561
2015/6/5,1.5361
2015/6/8,2.1657
2015/6/9,-0.3575
2015/6/10,-0.1466
2015/6/11,0.3047
2015/6/12,0.8739
2015/6/15,-2.0006
2015/6/16,-3.4675
2015/6/17,1.6464
2015/6/18,-3.6744
2015/6/19,-6.4152
2015/6/23,2.1912
2015/6/24,2.4835
2015/6/25,-3.462
2015/6/26,-7.3967
2015/6/29,-3.3353
2015/6/30,5.5315
2015/7/1,-5.2259
2015/7/2,-3.4766
2015/7/3,-5.7722
2015/7/6,2.4139
2015/7/7,-1.2921
2015/7/8,-5.9009
2015/7/9,5.7635
2015/7/10,4.5419
2015/7/13,2.3875
2015/7/14,-1.1561
2015/7/15,-3.0267
2015/7/16,0.4591
2015/7/17,3.5095
2015/7/20,0.8783
2015/7/21,0.6404
2015/7/22,0.2083
2015/7/23,2.4311
2015/7/24,-1.2856
2015/7/27,-8.4834
2015/7/28,-1.6791
2015/7/29,3.4443
2015/7/30,-2.2011
2015/7/31,-1.1344
2015/8/3,-1.1142
2015/8/4,3.6887
2015/8/5,-1.6497
2015/8/6,-0.8941
2015/8/7,2.2577
2015/8/10,4.9199
2015/8/11,-0.0129
2015/8/12,-1.0588
2015/8/13,1.7558
2015/8/14,0.2726
2015/8/17,0.7145
2015/8/18,-6.1473
2015/8/19,1.2258
2015/8/20,-3.4216
2015/8/21,-4.2722
2015/8/24,-8.4909
2015/8/25,-7.6307
2015/8/26,-1.2708
2015/8/27,5.3395
2015/8/28,4.8242
2015/8/31,-0.8156
2015/9/1,-1.2278
2015/9/2,-0.2039
2015/9/7,-2.5235
2015/9/8,2.9227
2015/9/9,2.2911
2015/9/10,-1.3936
2015/9/11,0.0732
2015/9/14,-2.6697
2015/9/15,-3.5195
2015/9/16,4.8946
2015/9/17,-2.1001
2015/9/18,0.3842
2015/9/21,1.8923
2015/9/22,0.9212
2015/9/23,-2.1889
2015/9/24,0.8601
2015/9/25,-1.6018
2015/9/28,0.2719
2015/9/29,-2.0195
2015/9/30,0.482
2015/10/8,2.967
2015/10/9,1.266
2015/10/12,3.2832
2015/10/13,0.1694
2015/10/14,-0.9349
2015/10/15,2.3183
2015/10/16,1.5961
2015/10/19,-0.1372
2015/10/20,1.1406
2015/10/21,-3.0553
2015/10/22,1.4474
2015/10/23,1.2971
2015/10/26,0.5025
2015/10/27,0.1386
2015/10/28,-1.722
2015/10/29,0.3591
2015/10/30,-0.1404
2015/11/2,-1.6992
2015/11/3,-0.2523
2015/11/4,4.3098
2015/11/5,1.8262
2015/11/6,1.908
2015/11/9,1.5835
2015/11/10,-0.1754
2015/11/11,0.2682
2015/11/12,-0.4752
2015/11/13,-1.4331
2015/11/16,0.7294
2015/11/17,-0.0599
2015/11/18,-1.0078
2015/11/19,1.3618
2015/11/20,0.3715
2015/11/23,-0.5558
2015/11/24,0.1605
2015/11/25,0.8799
2015/11/26,-0.3393
2015/11/27,-5.4806
2015/11/30,0.2649
2015/12/1,0.3165
2015/12/2,2.3319
2015/12/3,1.3548
2015/12/4,-1.669
2015/12/7,0.3386
2015/12/8,-1.8903
2015/12/9,0.0683
2015/12/10,-0.488
2015/12/11,-0.6052
2015/12/14,2.5065
2015/12/15,-0.293
2015/12/16,0.1662
2015/12/17,1.8148
2015/12/18,-0.0289
2015/12/21,1.7745
2015/12/22,0.2552
2015/12/23,-0.4293
2015/12/24,-0.6492
2015/12/25,0.4271
2015/12/28,-2.5947
2015/12/29,0.8477
2015/12/30,0.2565
2015/12/31,-0.943
2016/1/4,-6.8638
2016/1/5,-0.2593
2016/1/6,2.2547
2016/1/7,-7.0449
2016/1/8,1.9651
2016/1/11,-5.326
2016/1/12,0.2041
2016/1/13,-2.4237
2016/1/14,1.9681
2016/1/15,-3.5469
2016/1/18,0.4435
2016/1/19,3.2226
2016/1/20,-1.0322
2016/1/21,-3.2322
2016/1/22,1.2526
2016/1/25,0.7527
2016/1/26,-6.4226
2016/1/27,-0.5174
2016/1/28,-2.9207
2016/1/29,3.0854
2016/2/1,-1.7806
2016/2/2,2.2581
2016/2/3,-0.3754
2016/2/4,1.5251
2016/2/5,-0.6304
2016/2/15,-0.6259
2016/2/16,3.2909
2016/2/17,1.0847
2016/2/18,-0.155
2016/2/19,-0.1003
2016/2/22,2.348
2016/2/23,-0.8146
2016/2/24,0.8805
2016/2/25,-6.4069
2016/2/26,0.9472
2016/2/29,-2.8632
2016/3/1,1.6812
2016/3/2,4.2629
2016/3/3,0.3536
2016/3/4,0.5032
2016/3/7,0.807
2016/3/8,0.1397
2016/3/9,-1.3384
2016/3/10,-2.0202
2016/3/11,0.199
2016/3/14,1.7504
2016/3/15,0.1703
2016/3/16,0.2116
2016/3/17,1.1985
2016/3/18,1.7322
2016/3/21,2.1539
2016/3/22,-0.6439
2016/3/23,0.3533
2016/3/24,-1.6276
2016/3/25,0.6236
2016/3/28,-0.7254
2016/3/29,-1.2843
2016/3/30,2.7677
2016/3/31,0.109
2016/4/1,0.1869
2016/4/5,1.4466
2016/4/6,-0.081
2016/4/7,-1.3824
2016/4/8,-0.7799
2016/4/11,1.6415
2016/4/12,-0.3399
2016/4/13,1.4219
2016/4/14,0.5127
2016/4/15,-0.1377
2016/4/18,-1.4443
2016/4/19,0.302
2016/4/20,-2.3083
2016/4/21,-0.6625
2016/4/22,0.215
2016/4/25,-0.4248
2016/4/26,0.6119
2016/4/27,-0.372
2016/4/28,-0.2736
2016/4/29,-0.2466
2016/5/3,1.8486
2016/5/4,-0.0458
2016/5/5,0.2196
2016/5/6,-2.8218
2016/5/9,-2.785
2016/5/10,0.0169
2016/5/11,0.157
2016/5/12,-0.0414
2016/5/13,-0.3087
2016/5/16,0.8402
2016/5/17,-0.2518
2016/5/18,-1.2719
2016/5/19,-0.0217
2016/5/20,0.6618
2016/5/23,0.6428
2016/5/24,-0.7729
2016/5/25,-0.2332
2016/5/26,0.2613
2016/5/27,-0.0495
2016/5/30,0.0498
2016/5/31,3.3363
2016/6/1,-0.1066
2016/6/2,0.4023
2016/6/3,0.4599
2016/6/6,-0.156
2016/6/7,0.0664
2016/6/8,-0.3027
2016/6/13,-3.2143
2016/6/14,0.3218
2016/6/15,1.584
2016/6/16,-0.4985
2016/6/17,0.4277
2016/6/20,0.1284
2016/6/21,-0.3549
2016/6/22,0.9377
2016/6/23,-0.4677
2016/6/24,-1.3027
2016/6/27,1.451
2016/6/28,0.582
2016/6/29,0.6535
2016/6/30,-0.0677
2016/7/1,0.098
2016/7/4,1.914
2016/7/5,0.5952
2016/7/6,0.3626
2016/7/7,-0.0147
2016/7/8,-0.9531
2016/7/11,0.2283
2016/7/12,1.8185
2016/7/13,0.3708
2016/7/14,-0.218
2016/7/15,0.0091
2016/7/18,-0.3514
2016/7/19,-0.2289
2016/7/20,-0.2864
2016/7/21,0.3669
2016/7/22,-0.8619
2016/7/25,0.1
2016/7/26,1.1386
2016/7/27,-1.907
2016/7/28,0.0777
2016/7/29,-0.5004
2016/8/1,-0.8711
2016/8/2,0.6059
2016/8/3,0.2417
2016/8/4,0.1331
2016/8/5,-0.1921
2016/8/8,0.9266
2016/8/9,0.7125
2016/8/10,-0.2292
2016/8/11,-0.5336
2016/8/12,1.5996
2016/8/15,2.443
2016/8/16,-0.485
2016/8/17,-0.0155
2016/8/18,-0.175
2016/8/19,0.1285
2016/8/22,-0.7496
2016/8/23,0.1589
2016/8/24,-0.1238
2016/8/25,-0.5688
2016/8/26,0.0645
2016/8/29,-0.0092
2016/8/30,0.1515
2016/8/31,0.3517
2016/9/1,-0.719
2016/9/2,0.1321
2016/9/5,0.1546
2016/9/6,0.606
2016/9/7,0.0393
2016/9/8,0.1302
2016/9/9,-0.5523
2016/9/12,-1.8474
2016/9/13,0.0507
2016/9/14,-0.6833
2016/9/19,0.7727
2016/9/20,-0.1008
2016/9/21,0.0951
2016/9/22,0.5433
2016/9/23,-0.2767
2016/9/26,-1.7623
2016/9/27,0.5953
2016/9/28,-0.344
2016/9/29,0.3556
2016/9/30,0.2074
2016/10/10,1.4457
2016/10/11,0.5612
2016/10/12,-0.2203
2016/10/13,0.0931
2016/10/14,0.0805
2016/10/17,-0.739
2016/10/18,1.4044
2016/10/19,0.0274
2016/10/20,-0.0085
2016/10/21,0.2102
2016/10/24,1.2069
2016/10/25,0.118
2016/10/26,-0.499
2016/10/27,-0.1271
2016/10/28,-0.2596
2016/10/31,-0.1217
2016/11/1,0.7078
2016/11/2,-0.631
2016/11/3,0.8445
2016/11/4,-0.1157
2016/11/7,0.2565
2016/11/8,0.4645
2016/11/9,-0.62
2016/11/10,1.3717
2016/11/11,0.7808
2016/11/14,0.4483
2016/11/15,-0.1054
2016/11/16,-0.0601
2016/11/17,0.106
2016/11/18,-0.4861
2016/11/21,0.7921
2016/11/22,0.9386
2016/11/23,-0.2221
2016/11/24,0.0185
2016/11/25,0.6232
2016/11/28,0.4618
2016/11/29,0.1808
2016/11/30,-1.0019
2016/12/1,0.7161
2016/12/2,-0.9002
2016/12/5,-1.2064
2016/12/6,-0.158
2016/12/7,0.7062
2016/12/8,-0.2134
2016/12/9,0.5448
2016/12/12,-2.4719
2016/12/13,0.0656
2016/12/14,-0.4598
2016/12/15,-0.7277
2016/12/16,0.1702
2016/12/19,-0.1568
2016/12/20,-0.4878
2016/12/21,1.1136
2016/12/22,0.0678
2016/12/23,-0.9366
2016/12/26,0.3992
2016/12/27,-0.2532
2016/12/28,-0.399
2016/12/29,-0.1979
2016/12/30,0.2435
2017/1/3,1.0402
2017/1/4,0.7294
2017/1/5,0.2095
2017/1/6,-0.3503
2017/1/9,0.5363
2017/1/10,-0.3016
2017/1/11,-0.7881
2017/1/12,-0.5568
2017/1/13,-0.2092
2017/1/16,-0.2999
2017/1/17,0.1723
2017/1/18,0.1363
2017/1/19,-0.3763
2017/1/20,0.7042
2017/1/23,0.4366
2017/1/24,0.1842
2017/1/25,0.2228
2017/1/26,0.3052
2017/2/3,-0.6013
2017/2/6,0.5354
2017/2/7,-0.1234
2017/2/8,0.4406
2017/2/9,0.5115
2017/2/10,0.4247
2017/2/13,0.63
2017/2/14,0.0338
2017/2/15,-0.1536
2017/2/16,0.5177
2017/2/17,-0.8528
2017/2/20,1.1832
2017/2/21,0.4125
2017/2/22,0.2426
2017/2/23,-0.3018
2017/2/24,0.0633
2017/2/27,-0.7614
2017/2/28,0.4049
2017/3/1,0.1604
2017/3/2,-0.5207
2017/3/3,-0.3627
2017/3/6,0.4833
2017/3/7,0.2641
2017/3/8,-0.0537
2017/3/9,-0.7381
2017/3/10,-0.1239
2017/3/13,0.7552
2017/3/14,0.0712
2017/3/15,0.0751
2017/3/16,0.8383
2017/3/17,-0.9633
2017/3/20,0.4127
2017/3/21,0.3323
2017/3/22,-0.5025
2017/3/23,0.1026
2017/3/24,0.6432
2017/3/27,-0.0762
2017/3/28,-0.4288
2017/3/29,-0.3576
2017/3/30,-0.9588
2017/3/31,0.3824
2017/4/5,1.483
2017/4/6,0.3272
2017/4/7,0.171
2017/4/10,-0.524
2017/4/11,0.5987
2017/4/12,-0.4602
2017/4/13,0.0651
2017/4/14,-0.9125
2017/4/17,-0.7363
2017/4/18,-0.79
2017/4/19,-0.8142
2017/4/20,0.0446
2017/4/21,0.0331
2017/4/24,-1.3747
2017/4/25,0.1609
2017/4/26,0.2003
2017/4/27,0.361
2017/4/28,0.0784
2017/5/2,-0.347
2017/5/3,-0.2661
2017/5/4,-0.2544
2017/5/5,-0.778
2017/5/8,-0.7871
2017/5/9,0.0622
2017/5/10,-0.9006
2017/5/11,0.2855
2017/5/12,0.719
2017/5/15,0.2178
2017/5/16,0.7357
2017/5/17,-0.2738
2017/5/18,-0.4607
2017/5/19,0.0159
2017/5/22,-0.4839
2017/5/23,-0.4464
2017/5/24,0.0695
2017/5/25,1.428
2017/5/26,0.0717
2017/5/31,0.2289
2017/6/1,-0.4669
2017/6/2,0.094
2017/6/5,-0.4471
2017/6/6,0.3387
2017/6/7,1.2314
2017/6/8,0.3187
2017/6/9,0.2561
2017/6/12,-0.5865
2017/6/13,0.4416
2017/6/14,-0.7315
2017/6/15,0.0579
2017/6/16,-0.2975
2017/6/19,0.679
2017/6/20,-0.1387
2017/6/21,0.5159
2017/6/22,-0.2775
2017/6/23,0.3311
2017/6/26,0.8731
2017/6/27,0.1806
2017/6/28,-0.5639
2017/6/29,0.4683
2017/6/30,0.1369
2017/7/3,0.1092
2017/7/4,-0.4101
2017/7/5,0.7644
2017/7/6,0.1656
2017/7/7,0.1716
2017/7/10,-0.1655
2017/7/11,-0.2986
2017/7/12,-0.1715
2017/7/13,0.6448
2017/7/14,0.1322
2017/7/17,-1.426
2017/7/18,0.3495
2017/7/19,1.3618
2017/7/20,0.4299
2017/7/21,-0.2121
2017/7/24,0.3897
2017/7/25,-0.2126
2017/7/26,0.1229
2017/7/27,0.0649
2017/7/28,0.1064
2017/7/31,0.6083
2017/8/1,0.5991
2017/8/2,-0.2303
2017/8/3,-0.3692
2017/8/4,-0.3314
2017/8/7,0.5327
2017/8/8,0.0737
2017/8/9,-0.192
2017/8/10,-0.422
2017/8/11,-1.6313
2017/8/14,0.8982
2017/8/15,0.4294
2017/8/16,-0.148
2017/8/17,0.677
2017/8/18,0.009
2017/8/21,0.5562
2017/8/22,0.101
2017/8/23,-0.0766
2017/8/24,-0.4925
2017/8/25,1.8343
2017/8/28,0.9344
2017/8/29,0.0766
2017/8/30,-0.0475
2017/8/31,-0.0837
2017/9/1,0.1877
2017/9/4,0.3702
2017/9/5,0.1401
2017/9/6,0.0317
2017/9/7,-0.5876
2017/9/8,-0.0076
2017/9/11,0.3321
2017/9/12,0.0909
2017/9/13,0.1379
2017/9/14,-0.3759
2017/9/15,-0.5282
2017/9/18,0.2755
2017/9/19,-0.1788
2017/9/20,0.2726
2017/9/21,-0.2431
2017/9/22,-0.1573
2017/9/25,-0.3275
2017/9/26,0.0609
2017/9/27,0.0505
2017/9/28,-0.1683
2017/9/29,0.2785
2017/10/9,0.7595
2017/10/10,0.2552
2017/10/11,0.1565
2017/10/12,-0.0645
2017/10/13,0.1306
2017/10/16,-0.3555
2017/10/17,-0.1903
2017/10/18,0.2892
2017/10/19,-0.3437
2017/10/20,0.2515
2017/10/23,0.0607
2017/10/24,0.2233
2017/10/25,0.2553
2017/10/26,0.3141
2017/10/27,0.2713
2017/10/30,-0.7749
2017/10/31,0.0886
2017/11/1,0.0758
2017/11/2,-0.3711
2017/11/3,-0.3418
2017/11/6,0.4873
2017/11/7,0.7497
2017/11/8,0.0552
2017/11/9,0.3611
2017/11/10,0.1423
2017/11/13,0.4417
2017/11/14,-0.5304
2017/11/15,-0.788
2017/11/16,-0.0962
2017/11/17,-0.4808
2017/11/20,0.2806
2017/11/21,0.5335
2017/11/22,0.5854
2017/11/23,-2.2897
2017/11/24,0.0568
2017/11/27,-0.9419
2017/11/28,0.344
2017/11/29,0.1261
2017/11/30,-0.6194
2017/12/1,0.0129
2017/12/4,-0.2411
2017/12/5,-0.1796
2017/12/6,-0.2939
2017/12/7,-0.6652
2017/12/8,0.5482
2017/12/11,0.9788
2017/12/12,-1.2456
2017/12/13,0.6774
2017/12/14,-0.3209
2017/12/15,-0.7988
2017/12/18,0.0547
2017/12/19,0.8757
2017/12/20,-0.271
2017/12/21,0.3788
2017/12/22,-0.0908
2017/12/25,-0.5035
2017/12/26,0.7823
2017/12/27,-0.9177
2017/12/28,0.6289
2017/12/29,0.3272
2018/1/2,1.2444
2018/1/3,0.6207
2018/1/4,0.4928
2018/1/5,0.1784
2018/1/8,0.5227
2018/1/9,0.1296
2018/1/10,0.2324
2018/1/11,0.1026
2018/1/12,0.105
2018/1/15,-0.5381
2018/1/16,0.7655
2018/1/17,0.235
2018/1/18,0.8733
2018/1/19,0.3773
2018/1/22,0.387
2018/1/23,1.2893
2018/1/24,0.3654
2018/1/25,-0.3135
2018/1/26,0.2768
2018/1/29,-0.9873
2018/1/30,-0.9932
2018/1/31,-0.2057
2018/2/1,-0.9726
2018/2/2,0.4381
2018/2/5,0.7341
2018/2/6,-3.3504
2018/2/7,-1.8214
2018/2/8,-1.4266
2018/2/9,-4.0527
2018/2/12,0.7756
2018/2/13,0.9776
2018/2/14,0.4459
2018/2/22,2.1693
2018/2/23,0.6261
2018/2/26,1.2329
2018/2/27,-1.1264
2018/2/28,-0.9921
2018/3/1,0.4402
2018/3/2,-0.5873
2018/3/5,0.0737
2018/3/6,1.0045
2018/3/7,-0.5464
2018/3/8,0.5116
2018/3/9,0.5705
2018/3/12,0.5906
2018/3/13,-0.4948
2018/3/14,-0.5697
2018/3/15,-0.0082
2018/3/16,-0.6451
2018/3/19,0.2865
2018/3/20,0.3473
2018/3/21,-0.2944
2018/3/22,-0.5325
2018/3/23,-3.3927
2018/3/26,-0.6039
2018/3/27,1.0507
2018/3/28,-1.4008
2018/3/29,1.2248
2018/3/30,0.2647
2018/4/2,-0.1804
2018/4/3,-0.8392
2018/4/4,-0.176
2018/4/9,0.2294
2018/4/10,1.6578
2018/4/11,0.5567
2018/4/12,-0.8704
2018/4/13,-0.6637
2018/4/16,-1.5322
2018/4/17,-1.4097
2018/4/18,0.8022
2018/4/19,0.8403
2018/4/20,-1.4703
2018/4/23,-0.1149
2018/4/24,1.9855
2018/4/25,-0.3501
2018/4/26,-1.3773
2018/4/27,0.2342
2018/5/2,-0.0342
2018/5/3,0.6388
2018/5/4,-0.3169
2018/5/7,1.4756
2018/5/8,0.7923
2018/5/9,-0.0742
2018/5/10,0.4831
2018/5/11,-0.3512
2018/5/14,0.3404
2018/5/15,0.5698
2018/5/16,-0.7065
2018/5/17,-0.4822
2018/5/18,1.2371
2018/5/21,0.6431
2018/5/22,0.0158
2018/5/23,-1.412
2018/5/24,-0.4517
2018/5/25,-0.4231
2018/5/28,-0.198
2018/5/29,-0.4664
2018/5/30,-2.5322
2018/5/31,1.7765
2018/6/1,-0.657
2018/6/4,0.522
2018/6/5,0.7445
2018/6/6,0.0313
2018/6/7,-0.1824
2018/6/8,-1.362
2018/6/11,-0.4683
2018/6/12,0.8851
2018/6/13,-0.9743
2018/6/14,-0.1848
2018/6/15,-0.7312
2018/6/19,-3.7751
2018/6/20,0.272
2018/6/21,-1.3692
2018/6/22,0.4851
2018/6/25,-1.0528
2018/6/26,-0.5186
2018/6/27,-1.1014
2018/6/28,-0.9342
2018/6/29,2.1716
2018/7/2,-2.5237
2018/7/3,0.4082
2018/7/4,-0.9962
2018/7/5,-0.9149
2018/7/6,0.4882
2018/7/9,2.4709
2018/7/10,0.4446
2018/7/11,-1.7631
2018/7/12,2.156
2018/7/13,-0.2282
2018/7/16,-0.6055
2018/7/17,-0.5656
2018/7/18,-0.3884
2018/7/19,-0.5278
2018/7/20,2.046
2018/7/23,1.0699
2018/7/24,1.6093
2018/7/25,-0.0659
2018/7/26,-0.7377
2018/7/27,-0.2995
2018/7/30,-0.1581
2018/7/31,0.2562
2018/8/1,-1.8032
2018/8/2,-2.0007
2018/8/3,-0.9964
2018/8/6,-1.2876
2018/8/7,2.7436
2018/8/8,-1.2702
2018/8/9,1.8335
2018/8/10,0.0332
2018/8/13,-0.3376
2018/8/14,-0.1762
2018/8/15,-2.0751
2018/8/16,-0.6634
2018/8/17,-1.3391
2018/8/20,1.1053
2018/8/21,1.3104
2018/8/22,-0.703
2018/8/23,0.369
2018/8/24,0.1764
2018/8/27,1.8857
2018/8/28,-0.1049
2018/8/29,-0.3127
2018/8/30,-1.1396
2018/8/31,-0.4561
2018/9/3,-0.1657
2018/9/4,1.097
2018/9/5,-1.6812
2018/9/6,-0.4712
2018/9/7,0.3978
2018/9/10,-1.2144
2018/9/11,-0.1755
2018/9/12,-0.3261
2018/9/13,1.1471
2018/9/14,-0.1837
2018/9/17,-1.1133
2018/9/18,1.8162
2018/9/19,1.1445
2018/9/20,-0.0588
2018/9/21,2.5004
2018/9/25,-0.5843
2018/9/26,0.9232
2018/9/27,-0.5358
2018/9/28,1.0594
2018/10/8,-3.7159
2018/10/9,0.1657
2018/10/10,0.1773
2018/10/11,-5.2233
2018/10/12,0.9079
2018/10/15,-1.4889
2018/10/16,-0.8477
2018/10/17,0.6003
2018/10/18,-2.9355
2018/10/19,2.5759
2018/10/22,4.0938
2018/10/23,-2.2619
2018/10/24,0.3264
2018/10/25,0.0194
2018/10/26,-0.1902
2018/10/29,-2.1834
2018/10/30,1.0206
2018/10/31,1.3526
2018/11/1,0.1327
2018/11/2,2.695
2018/11/5,-0.4127
2018/11/6,-0.2279
2018/11/7,-0.6774
2018/11/8,-0.2162
2018/11/9,-1.3948
2018/11/12,1.2178
2018/11/13,0.9261
2018/11/14,-0.8527
2018/11/15,1.3649
2018/11/16,0.41
2018/11/19,0.9108
2018/11/20,-2.1327
2018/11/21,0.2136
2018/11/22,-0.229
2018/11/23,-2.493
2018/11/26,-0.1424
2018/11/27,-0.0439
2018/11/28,1.0509
2018/11/29,-1.3181
2018/11/30,0.808
2018/12/3,2.5736
2018/12/4,0.4204
2018/12/5,-0.6059
2018/12/6,-1.684
2018/12/7,0.0271
2018/12/10,-0.8176
2018/12/11,0.3678
2018/12/12,0.3109
2018/12/13,1.2258
2018/12/14,-1.5303
2018/12/17,0.1632
2018/12/18,-0.8208
2018/12/19,-1.0512
2018/12/20,-0.5215
2018/12/21,-0.7892
2018/12/24,0.4275
2018/12/25,-0.878
2018/12/26,-0.2605
2018/12/27,-0.6087
2018/12/28,0.4353
2019/1/2,-1.147
2019/1/3,-0.0377
2019/1/4,2.0494
2019/1/7,0.7245
2019/1/8,-0.2616
2019/1/9,0.7078
2019/1/10,-0.3634
2019/1/11,0.7389
2019/1/14,-0.7074
2019/1/15,1.3637
2019/1/16,0.003
2019/1/17,-0.4196
2019/1/18,1.4208
2019/1/21,0.5587
2019/1/22,-1.18
2019/1/23,0.0504
2019/1/24,0.4142
2019/1/25,0.387
2019/1/28,-0.1824
2019/1/29,-0.1049
2019/1/30,-0.72
2019/1/31,0.3493
2019/2/1,1.3023
2019/2/11,1.3621
2019/2/12,0.6782
2019/2/13,1.8404
2019/2/14,-0.0503
2019/2/15,-1.372
2019/2/18,2.6831
2019/2/19,0.0468
2019/2/20,0.2022
2019/2/21,-0.3411
2019/2/22,1.9051
2019/2/25,5.6007
2019/2/26,-0.6675
2019/2/27,0.4184
2019/2/28,-0.4357
2019/3/1,1.8039
2019/3/4,1.1213
2019/3/5,0.8809
2019/3/6,1.5668
2019/3/7,0.1392
2019/3/8,-4.3959
2019/3/11,1.9237
2019/3/12,1.1006
2019/3/13,-1.09
2019/3/14,-1.1981
2019/3/15,1.0388
2019/3/18,2.471
2019/3/19,-0.1758
2019/3/20,-0.0108
2019/3/21,0.3499
2019/3/22,0.0869
2019/3/25,-1.9689
2019/3/26,-1.5095
2019/3/27,0.855
2019/3/28,-0.9189
2019/3/29,3.1992
2019/4/1,2.5755
2019/4/2,0.2038
2019/4/3,1.2425
2019/4/4,0.9413
2019/4/8,-0.0542
2019/4/9,-0.1586
2019/4/10,0.0699
2019/4/11,-1.603
2019/4/12,-0.0419
2019/4/15,-0.3399
2019/4/16,2.3857
2019/4/17,0.2926
2019/4/18,-0.3958
2019/4/19,0.6337
2019/4/22,-1.7046
2019/4/23,-0.5116
2019/4/24,0.0944
2019/4/25,-2.4296
2019/4/26,-1.1981
2019/4/29,-0.7744
2019/4/30,0.5172
2019/5/6,-5.5834
2019/5/7,0.6856
2019/5/8,-1.1152
2019/5/9,-1.4791
2019/5/10,3.0957
2019/5/13,-1.2077
2019/5/14,-0.6923
2019/5/15,1.9097
2019/5/16,0.5796
2019/5/17,-2.4838
2019/5/20,-0.4056
2019/5/21,1.2319
2019/5/22,-0.4909
2019/5/23,-1.3552
2019/5/24,0.0168
2019/5/27,1.3804
2019/5/28,0.6062
2019/5/29,0.1645
2019/5/30,-0.305
2019/5/31,-0.2447
2019/6/3,-0.2972
2019/6/4,-0.9619
2019/6/5,-0.0301
2019/6/6,-1.175
2019/6/10,0.8605
2019/6/11,2.58
2019/6/12,-0.5584
2019/6/13,0.0468
2019/6/14,-0.9883
2019/6/17,0.196
2019/6/18,0.0878
2019/6/19,0.9565
2019/6/20,2.3756
2019/6/21,0.4975
2019/6/24,0.2055
2019/6/25,-0.8668
2019/6/26,-0.1942
2019/6/27,0.6891
2019/6/28,-0.5978
2019/7/1,2.2164
2019/7/2,-0.0315
2019/7/3,-0.9422
2019/7/4,-0.3321
2019/7/5,0.1933
2019/7/8,-2.5803
2019/7/9,-0.175
2019/7/10,-0.4415
2019/7/11,0.0843
2019/7/12,0.4382
2019/7/15,0.3972
2019/7/16,-0.1553
2019/7/17,-0.2017
2019/7/18,-1.0409
2019/7/19,0.7936
2019/7/22,-1.2731
2019/7/23,0.4493
2019/7/24,0.8046
2019/7/25,0.4817
2019/7/26,0.2445
2019/7/29,-0.12
2019/7/30,0.3853
2019/7/31,-0.6718
2019/8/1,-0.8095
2019/8/2,-1.4071
2019/8/5,-1.6159
2019/8/6,-1.5573
2019/8/7,-0.3196
2019/8/8,0.9345
2019/8/9,-0.7085
2019/8/12,1.4503
2019/8/13,-0.63
2019/8/14,0.4167
2019/8/15,0.245
2019/8/16,0.285
2019/8/19,2.099
2019/8/20,-0.1073
2019/8/21,0.0114
2019/8/22,0.1078
2019/8/23,0.4852
2019/8/26,-1.1686
2019/8/27,1.3489
2019/8/28,-0.2907
2019/8/29,-0.098
2019/8/30,-0.162
2019/9/2,1.3121
2019/9/3,0.2068
2019/9/4,0.9303
2019/9/5,0.9621
2019/9/6,0.4601
2019/9/9,0.838
2019/9/10,-0.1169
2019/9/11,-0.4101
2019/9/12,0.7453
2019/9/16,-0.0159
2019/9/17,-1.7367
2019/9/18,0.2532
2019/9/19,0.4562
2019/9/20,0.239
2019/9/23,-0.9769
2019/9/24,0.2776
2019/9/25,-1.0018
2019/9/26,-0.8914
2019/9/27,0.1051
2019/9/30,-0.9201
2019/10/8,0.2885
2019/10/9,0.3874
2019/10/10,0.7814
2019/10/11,0.8802
2019/10/14,1.151
2019/10/15,-0.5598
2019/10/16,-0.4123
2019/10/17,-0.0463
2019/10/18,-1.3164
2019/10/21,0.0503
2019/10/22,0.5022
2019/10/23,-0.4319
2019/10/24,-0.0237
2019/10/25,0.4764
2019/10/28,0.85
2019/10/29,-0.8682
2019/10/30,-0.5029
2019/10/31,-0.3492
2019/11/1,0.995
2019/11/4,0.5846
2019/11/5,0.5401
2019/11/6,-0.4334
2019/11/7,0.004
2019/11/8,-0.4878
2019/11/11,-1.8288
2019/11/12,0.1666
2019/11/13,-0.3287
2019/11/14,0.1593
2019/11/15,-0.6367
2019/11/18,0.6176
2019/11/19,0.8521
2019/11/20,-0.7818
2019/11/21,-0.2547
2019/11/22,-0.6319
2019/11/25,0.7237
2019/11/26,0.0307
2019/11/27,-0.133
2019/11/28,-0.465
2019/11/29,-0.6129
2019/12/2,0.1332
2019/12/3,0.3092
2019/12/4,-0.2282
2019/12/5,0.7419
2019/12/6,0.4327
2019/12/9,0.0846
2019/12/10,0.0974
2019/12/11,0.2434
2019/12/12,-0.2981
2019/12/13,1.7827
2019/12/16,0.5633
2019/12/17,1.2743
2019/12/18,-0.1779
2019/12/19,0.0007
2019/12/20,-0.402
2019/12/23,-1.4039
2019/12/24,0.6727
2019/12/25,-0.0268
2019/12/26,0.8543
2019/12/27,-0.0771
2019/12/30,1.1643
2019/12/31,0.3322
2020/1/2,1.1499
2020/1/3,-0.0458
2020/1/6,-0.0122
2020/1/7,0.6938
2020/1/8,-1.221
2020/1/9,0.9126
2020/1/10,-0.0837
2020/1/13,0.7528
2020/1/14,-0.2808
2020/1/15,-0.5402
2020/1/16,-0.5164
2020/1/17,0.046
2020/1/20,0.6598
2020/1/21,-1.4098
2020/1/22,0.2822
2020/1/23,-2.7518
2020/2/3,-7.7245
2020/2/4,1.3355
2020/2/5,1.2503
2020/2/6,1.7183
2020/2/7,0.3298
2020/2/10,0.505
2020/2/11,0.387
2020/2/12,0.8693
2020/2/13,-0.7115
2020/2/14,0.3763
2020/2/17,2.2837
2020/2/18,0.0452
2020/2/19,-0.3206
2020/2/20,1.8402
2020/2/21,0.314
2020/2/24,-0.2775
2020/2/25,-0.5999
2020/2/26,-0.8338
2020/2/27,0.1138
2020/2/28,-3.7116
2020/3/2,3.1465
2020/3/3,0.7394
2020/3/4,0.6271
2020/3/5,1.9926
2020/3/6,-1.21
2020/3/9,-3.0061
2020/3/10,1.8167
2020/3/11,-0.9425
2020/3/12,-1.517
2020/3/13,-1.2334
2020/3/16,-3.4
2020/3/17,-0.3446
2020/3/18,-1.8306
2020/3/19,-0.9758
2020/3/20,1.6094
2020/3/23,-3.1123
2020/3/24,2.3409
2020/3/25,2.1728
2020/3/26,-0.5997
2020/3/27,0.2637
2020/3/30,-0.9014
2020/3/31,0.1122
2020/4/1,-0.5736
2020/4/2,1.6865
2020/4/3,-0.5988
2020/4/7,2.0541
2020/4/8,-0.1913
2020/4/9,0.3742
2020/4/10,-1.0359
2020/4/13,-0.4857
2020/4/14,1.5895
2020/4/15,-0.5698
2020/4/16,0.3116
2020/4/17,0.6582
2020/4/20,0.4953
2020/4/21,-0.8953
2020/4/22,0.6002
2020/4/23,-0.1927
2020/4/24,-1.0558
2020/4/27,0.248
2020/4/28,-0.1943
2020/4/29,0.4419
2020/4/30,1.3336
2020/5/6,0.6314
2020/5/7,-0.2299
2020/5/8,0.8296
2020/5/11,-0.0187
2020/5/12,-0.1121
2020/5/13,0.2246
2020/5/14,-0.9561
2020/5/15,-0.0656
2020/5/18,0.2426
2020/5/19,0.8054
2020/5/20,-0.5119
2020/5/21,-0.5484
2020/5/22,-1.8884
2020/5/25,0.1494
2020/5/26,1.0141
2020/5/27,-0.3423
2020/5/28,0.332
2020/5/29,0.2154
2020/6/1,2.2115
2020/6/2,0.2047
2020/6/3,0.0675
2020/6/4,-0.141
2020/6/5,0.3956
2020/6/8,0.2379
2020/6/9,0.6243
2020/6/10,-0.4181
2020/6/11,-0.7764
2020/6/12,-0.0396
2020/6/15,-1.0176
2020/6/16,1.4435
2020/6/17,0.1407
2020/6/18,0.1172
2020/6/19,0.9635
2020/6/22,-0.0796
2020/6/23,0.1804
2020/6/24,0.3006
2020/6/29,-0.6053
2020/6/30,0.782
2020/7/1,1.384
2020/7/2,2.1345
2020/7/3,2.014
2020/7/6,5.7113
2020/7/7,0.3737
2020/7/8,1.7368
2020/7/9,1.3855
2020/7/10,-1.9496
2020/7/13,1.7723
2020/7/14,-0.8326
2020/7/15,-1.5614
2020/7/16,-4.4984
2020/7/17,0.1255
2020/7/20,3.1119
2020/7/21,0.2035
2020/7/22,0.3694
2020/7/23,-0.2416
2020/7/24,-3.8598
2020/7/27,0.2646
2020/7/28,0.7093
2020/7/29,2.063
2020/7/30,-0.2346
2020/7/31,0.7054
2020/8/3,1.751
2020/8/4,0.1105
2020/8/5,0.1743
2020/8/6,0.2635
2020/8/7,-0.9576
2020/8/10,0.7518
2020/8/11,-1.153
2020/8/12,-0.6294
2020/8/13,0.044
2020/8/14,1.1857
2020/8/17,2.3423
2020/8/18,0.3573
2020/8/19,-1.2448
2020/8/20,-1.2978
2020/8/21,0.4989
2020/8/24,0.1466
2020/8/25,-0.3562
2020/8/26,-1.2995
2020/8/27,0.6119
2020/8/28,1.6027
2020/8/31,-0.2388
2020/9/1,0.4397
2020/9/2,-0.1702
2020/9/3,-0.5822
2020/9/4,-0.8749
2020/9/7,-1.8709
2020/9/8,0.7236
2020/9/9,-1.8631
2020/9/10,-0.6085
2020/9/11,0.789
2020/9/14,0.5664
2020/9/15,0.5144
2020/9/16,-0.3567
2020/9/17,-0.4108
2020/9/18,2.0687
2020/9/21,-0.6337
2020/9/22,-1.2853
2020/9/23,0.1652
2020/9/24,-1.7238
2020/9/25,-0.1166
2020/9/28,-0.0585
2020/9/29,0.2121
2020/9/30,-0.1956
2020/10/9,1.6788
2020/10/12,2.6402
2020/10/13,0.0383
2020/10/14,-0.5647
2020/10/15,-0.2573
2020/10/16,0.1253
2020/10/19,-0.7101
2020/10/20,0.466
2020/10/21,-0.0925
2020/10/22,-0.3767
2020/10/23,-1.0416
2020/10/26,-0.82
2020/10/27,0.0983
2020/10/28,0.4585
2020/10/29,0.1067
2020/10/30,-1.4726
2020/11/2,0.0182
2020/11/3,1.4249
2020/11/4,0.1946
2020/11/5,1.3026
2020/11/6,-0.2402
2020/11/9,1.8591
2020/11/10,-0.4027
2020/11/11,-0.5341
2020/11/12,-0.1054
2020/11/13,-0.8559
2020/11/16,1.1137
2020/11/17,-0.2114
2020/11/18,0.2218
2020/11/19,0.4715
2020/11/20,0.4353
2020/11/23,1.0884
2020/11/24,-0.3417
2020/11/25,-1.19
2020/11/26,0.2203
2020/11/27,1.1447
2020/11/30,-0.4856
2020/12/1,1.7744
2020/12/2,-0.0741
2020/12/3,-0.21
2020/12/4,0.071
2020/12/7,-0.8122
2020/12/8,-0.1881
2020/12/9,-1.1206
2020/12/10,0.0389
2020/12/11,-0.7733
2020/12/14,0.6551
2020/12/15,-0.056
2020/12/16,-0.0074
2020/12/17,1.1253
2020/12/18,-0.293
2020/12/21,0.7562
2020/12/22,-1.8648
2020/12/23,0.7608
2020/12/24,-0.5678
2020/12/25,0.9946
2020/12/28,0.0213
2020/12/29,-0.5372
2020/12/30,1.0481
2020/12/31,1.7167
2021/1/4,0.8606
2021/1/5,0.7342
2021/1/6,0.6291
2021/1/7,0.7133
2021/1/8,-0.1705
2021/1/11,-1.0815
2021/1/12,2.1759
2021/1/13,-0.2685
2021/1/14,-0.91
2021/1/15,0.0133
2021/1/18,0.8369
2021/1/19,-0.8298
2021/1/20,0.4686
2021/1/21,1.0653
2021/1/22,-0.4008
2021/1/25,0.4849
2021/1/26,-1.5123
2021/1/27,0.1096
2021/1/28,-1.9076
2021/1/29,-0.6307
2021/2/1,0.6378
2021/2/2,0.8102
2021/2/3,-0.4635
2021/2/4,-0.4392
2021/2/5,-0.1578
2021/2/8,1.0329
2021/2/9,2.0111
2021/2/10,1.4319
2021/2/18,0.5545
2021/2/19,0.5662
2021/2/22,-1.4535
2021/2/23,-0.1671
2021/2/24,-1.9876
2021/2/25,0.5883
2021/2/26,-2.119
2021/3/1,1.206
2021/3/2,-1.2054
2021/3/3,1.947
2021/3/4,-2.0524
2021/3/5,-0.043
2021/3/8,-2.3008
2021/3/9,-1.8157
2021/3/10,-0.0463
2021/3/11,2.3556
2021/3/12,0.4727
2021/3/15,-0.9595
2021/3/16,0.7833
2021/3/17,-0.0343
2021/3/18,0.5084
2021/3/19,-1.6865
2021/3/22,1.1389
2021/3/23,-0.9273
2021/3/24,-1.3029
2021/3/25,-0.103
2021/3/26,1.6273
2021/3/29,0.4964
2021/3/30,0.6224
2021/3/31,-0.4271
2021/4/1,0.7095
2021/4/2,0.521
2021/4/6,-0.0409
2021/4/7,-0.0959
2021/4/8,0.0842
2021/4/9,-0.9154
2021/4/12,-1.0934
2021/4/13,-0.4828
2021/4/14,0.5962
2021/4/15,-0.519
2021/4/16,0.8129
2021/4/19,1.4863
2021/4/20,-0.1324
2021/4/21,-0.0004
2021/4/22,-0.2251
2021/4/23,0.2612
2021/4/26,-0.9499
2021/4/27,0.042
2021/4/28,0.4199
2021/4/29,0.5158
2021/4/30,-0.8071
2021/5/6,-0.1617
2021/5/7,-0.6512
2021/5/10,0.2667
2021/5/11,0.4042
2021/5/12,0.6074
2021/5/13,-0.9592
2021/5/14,1.774
2021/5/17,0.7804
2021/5/18,0.324
2021/5/19,-0.5115
2021/5/20,-0.1145
2021/5/21,-0.5813
2021/5/24,0.3076
2021/5/25,2.4036
2021/5/26,0.3355
2021/5/27,0.4312
2021/5/28,-0.2235
2021/5/31,0.408
2021/6/1,0.2555
2021/6/2,-0.7608
2021/6/3,-0.3593
2021/6/4,0.213
2021/6/7,0.2143
2021/6/8,-0.5399
2021/6/9,0.3154
2021/6/10,0.5419
2021/6/11,-0.5847
2021/6/15,-0.9246
2021/6/16,-1.0749
2021/6/17,0.2068
2021/6/18,-0.0144
2021/6/21,0.1159
2021/6/22,0.7999
2021/6/23,0.2476
2021/6/24,0.0122
2021/6/25,1.147
2021/6/28,-0.033
2021/6/29,-0.9204
2021/6/30,0.5043
2021/7/1,-0.0673
2021/7/2,-1.9511
2021/7/5,0.4423
2021/7/6,-0.115
2021/7/7,0.6644
2021/7/8,-0.7939
2021/7/9,-0.0402
2021/7/12,0.6739
2021/7/13,0.5267
2021/7/14,-1.0661
2021/7/15,1.0228
2021/7/16,-0.7094
2021/7/19,-0.0051
2021/7/20,-0.0659
2021/7/21,0.7315
2021/7/22,0.3389
2021/7/23,-0.6808
2021/7/26,-2.3365
2021/7/27,-2.4876
2021/7/28,-0.5795
2021/7/29,1.4914
2021/7/30,-0.4211
2021/8/2,1.97
2021/8/3,-0.4703
2021/8/4,0.8477
2021/8/5,-0.3068
2021/8/6,-0.24
2021/8/9,1.0528
2021/8/10,1.01
2021/8/11,0.0762
2021/8/12,-0.2232
2021/8/13,-0.2394
2021/8/16,0.0297
2021/8/17,-2.0006
2021/8/18,1.1114
2021/8/19,-0.5661
2021/8/20,-1.1029
2021/8/23,1.453
2021/8/24,1.0738
2021/8/25,0.7373
2021/8/26,-1.0936
2021/8/27,0.5852
2021/8/30,0.1702
2021/8/31,0.4475
2021/9/1,0.6535
2021/9/2,0.8394
2021/9/3,-0.4256
2021/9/6,1.1203
2021/9/7,1.511
2021/9/8,-0.0381
2021/9/9,0.4882
2021/9/10,0.2703
2021/9/13,0.3311
2021/9/14,-1.4203
2021/9/15,-0.1741
2021/9/16,-1.3438
2021/9/17,0.1906
2021/9/22,0.4019
2021/9/23,0.3784
2021/9/24,-0.8004
2021/9/27,-0.8369
2021/9/28,0.5411
2021/9/29,-1.8301
2021/9/30,0.9013
2021/10/8,0.6726
2021/10/11,-0.0127
2021/10/12,-1.2466
2021/10/13,0.418
2021/10/14,-0.0978
2021/10/15,0.3959
2021/10/18,-0.1184
2021/10/19,0.7011
2021/10/20,-0.1712
2021/10/21,0.217
2021/10/22,-0.3388
2021/10/25,0.7609
2021/10/26,-0.3387
2021/10/27,-0.9821
2021/10/28,-1.232
2021/10/29,0.8219
2021/11/1,-0.0805
2021/11/2,-1.0961
2021/11/3,-0.2023
2021/11/4,0.8097
2021/11/5,-1.0008
